scenario,step,day,label,action,from,to,nominal_energy,energy_before,energy_after,hp,pipe,coat,tool_resource,weight,satiety,infection,exposure,status,rejected
normal_five,1,1,移动至T0,move,H0,T0,8,100,92,12,30,12,12,0,6,0,0,active,
normal_five,2,1,移动至P0,move,T0,P0,8,92,84,12,30,12,12,0,6,0,0,active,
normal_five,3,1,移动至P1,move,P0,P1,2,84,82,12,30,12,12,0,6,0,0,active,
normal_five,4,1,power_survey,power_survey,P1,P1,6,82,76,12,30,12,12,0,6,0,0,active,
normal_five,5,1,power_restore,power_restore,P1,P1,12,76,64,12,30,12,12,0,6,0,0,active,
normal_five,6,1,移动至P0,move,P1,P0,2,64,62,12,30,12,12,0,6,0,0,active,
normal_five,7,1,移动至L0,move,P0,L0,8,62,54,12,30,12,12,0,6,0,0,active,
normal_five,8,1,移动至L1,move,L0,L1,2,54,52,12,30,12,12,0,6,0,0,active,
normal_five,9,1,L_front_open,L_front_open,L1,L1,6,52,46,12,30,12,11,0,6,0,0,active,
normal_five,10,1,搜索L_front,search,L1,L1,8,46,38,12,30,12,11,0,6,0,0,active,
normal_five,11,1,实取L_front/ration×2→pack,pickup,L1,L1,0,38,38,12,30,12,11,2,6,0,0,active,
normal_five,12,1,实取L_front/bandage×1→pack,pickup,L1,L1,0,38,38,12,30,12,11,3,6,0,0,active,
normal_five,13,1,L_manifest,L_manifest,L1,L1,6,38,32,12,30,12,11,3,6,0,0,active,
normal_five,14,1,移动至L2,move,L1,L2,2,32,30,12,30,12,11,3,6,0,0,active,
normal_five,15,1,指定战斗轨迹L_full,combat,L2,L2,16,30,14,9,26,11,11,3,6,0,0,active,
normal_five,16,1,L_verify,L_verify,L2,L2,6,14,8,9,26,11,11,3,6,0,0,active,
normal_five,17,1,L_fixation_open,L_fixation_open,L2,L2,6,8,2,9,26,11,10,3,6,0,0,active,
normal_five,18,1,L_extract,L_extract,L2,L2,10,2,0,9,26,11,10,7,6,0,0,active,
normal_five,19,1,实际所在地过夜,rest,L2,L2,0,0,85,9,26,11,10,7,4,0,0,active,
normal_five,20,2,搜索L_deep,search,L2,L2,8,85,77,9,26,11,10,7,4,0,0,active,
normal_five,21,2,实取L_deep/ration×3→pack,pickup,L2,L2,0,77,77,9,26,11,10,10,4,0,0,active,
normal_five,22,2,实取L_deep/metal×1→pack,pickup,L2,L2,0,77,77,9,26,11,10,11,4,0,0,active,
normal_five,23,2,实取L_deep/cloth×1→pack,pickup,L2,L2,0,77,77,9,26,11,10,12,4,0,0,active,
normal_five,24,2,移动至L1,move,L2,L1,2,77,75,9,26,11,10,12,4,0,0,active,
normal_five,25,2,移动至L0,move,L1,L0,2,75,73,9,26,11,10,12,4,0,0,active,
normal_five,26,2,移动至C0,move,L0,C0,8,73,65,9,26,11,10,12,4,0,0,active,
normal_five,27,2,移动至C1,move,C0,C1,2,65,63,9,26,11,10,12,4,0,0,active,
normal_five,28,2,C_match,C_match,C1,C1,4,63,59,9,26,11,10,12,4,0,0,active,
normal_five,29,2,移动至C4,move,C1,C4,2,59,57,9,26,11,10,12,4,0,0,active,
normal_five,30,2,C_spares_open,C_spares_open,C4,C4,6,57,51,9,26,11,9,12,4,0,0,active,
normal_five,31,2,实取C_spares/metal×1→pack,pickup,C4,C4,0,51,51,9,26,11,9,13,4,0,0,active,
normal_five,32,2,实取C_spares/electronics×1→pack,pickup,C4,C4,0,51,51,9,26,11,9,14,4,0,0,active,
normal_five,33,2,实取C_spares/battery×1→pack,pickup,C4,C4,0,51,51,9,26,11,9,15,4,0,0,active,
normal_five,34,2,移动至C1,move,C4,C1,2,51,49,9,26,11,9,15,4,0,0,active,
normal_five,35,2,C_channel_open,C_channel_open,C1,C1,6,49,43,9,26,11,8,15,4,0,0,active,
normal_five,36,2,移动至C2,move,C1,C2,2,43,41,9,26,11,8,15,4,0,0,active,
normal_five,37,2,指定战斗轨迹C_full,combat,C2,C2,20,41,21,6,20,9,8,15,4,0,1,active,
normal_five,38,2,移动至C3,move,C2,C3,2,21,19,6,20,9,8,15,4,0,1,active,
normal_five,39,2,C_extract,C_extract,C3,C3,10,19,9,6,20,9,8,17,4,0,1,active,
normal_five,40,2,移动至C2,move,C3,C2,3,9,6,6,20,9,8,17,4,0,1,active,
normal_five,41,2,移动至C1,move,C2,C1,3,6,3,6,20,9,8,17,4,0,1,active,
normal_five,42,2,移动至C4,move,C1,C4,3,3,0,6,20,9,8,17,4,0,1,active,
normal_five,43,2,实耗pack/ration,use,C4,C4,0,0,0,6,20,9,8,16,6,0,1,active,
normal_five,44,2,实际所在地过夜,rest,C4,C4,0,0,100,6,20,9,8,16,4,20,0,active,
normal_five,45,3,移动至C1,move,C4,C1,2,100,98,6,20,9,8,16,4,20,0,active,
normal_five,46,3,移动至C0,move,C1,C0,2,98,96,6,20,9,8,16,4,20,0,active,
normal_five,47,3,移动至H0,move,C0,H0,8,96,88,6,20,9,8,16,4,20,0,active,
normal_five,48,3,移动至H1,move,H0,H1,2,88,86,6,20,9,8,16,4,20,0,active,
normal_five,49,3,H_firedoor_open,H_firedoor_open,H1,H1,6,86,80,6,20,9,7,16,4,20,0,active,
normal_five,50,3,移动至H4,move,H1,H4,2,80,78,6,20,9,7,16,4,20,0,active,
normal_five,51,3,指定战斗轨迹H_full,combat,H4,H4,12,78,66,4,15,8,7,16,4,20,0,active,
normal_five,52,3,移动至H5,move,H4,H5,2,66,64,4,15,8,7,16,4,20,0,active,
normal_five,53,3,sample_extract,sample_extract,H5,H5,10,64,54,4,15,7,7,20,4,20,0,active,
normal_five,54,3,移动至H4,move,H5,H4,3,54,51,4,15,7,7,20,4,20,0,active,
normal_five,55,3,移动至H1,move,H4,H1,3,51,48,4,15,7,7,20,4,20,0,active,
normal_five,56,3,移动至H7,move,H1,H7,3,48,45,4,15,7,7,20,4,20,0,active,
normal_five,57,3,移动至H8,move,H7,H8,3,45,42,4,15,7,7,20,4,20,0,active,
normal_five,58,3,install,install,H8,H8,12,42,30,4,15,7,7,12,4,20,0,active,
normal_five,59,3,移动至H7,move,H8,H7,2,30,28,4,15,7,7,12,4,20,0,active,
normal_five,60,3,移动至H1,move,H7,H1,2,28,26,4,15,7,7,12,4,20,0,active,
normal_five,61,3,移动至H0,move,H1,H0,2,26,24,4,15,7,7,12,4,20,0,active,
normal_five,62,3,success,success,H0,HUB,0,24,24,4,15,7,7,0,4,20,0,success,
early_sample_five,1,1,移动至H1,move,H0,H1,2,100,98,12,30,12,12,0,6,0,0,active,
early_sample_five,2,1,搜索H_hall,search,H1,H1,12,98,86,12,30,12,12,0,6,0,0,active,
early_sample_five,3,1,实取H_hall/metal×1→pack,pickup,H1,H1,0,86,86,12,30,12,12,1,6,0,0,active,
early_sample_five,4,1,移动至H2,move,H1,H2,2,86,84,12,30,12,12,1,6,0,0,active,
early_sample_five,5,1,搜索H_pharmacy,search,H2,H2,12,84,72,12,30,12,12,1,6,0,0,active,
early_sample_five,6,1,实取H_pharmacy/bandage×1→q2,pickup,H2,H2,0,72,72,12,30,12,12,1,6,0,0,active,
early_sample_five,7,1,移动至H1,move,H2,H1,2,72,70,12,30,12,12,1,6,0,0,active,
early_sample_five,8,1,移动至H3,move,H1,H3,2,70,68,12,30,12,12,1,6,0,0,active,
early_sample_five,9,1,搜索H_security,search,H3,H3,12,68,56,12,30,12,12,1,6,0,0,active,
early_sample_five,10,1,实取H_security/card×1→pack,pickup,H3,H3,0,56,56,12,30,12,12,1,6,0,0,active,
early_sample_five,11,1,实取H_security/battery×1→pack,pickup,H3,H3,0,56,56,12,30,12,12,2,6,0,0,active,
early_sample_five,12,1,移动至H4,move,H3,H4,2,56,54,12,30,12,12,2,6,0,0,active,
early_sample_five,13,1,指定战斗轨迹H_full,combat,H4,H4,12,54,42,10,25,11,12,2,6,0,0,active,
early_sample_five,14,1,移动至H5,move,H4,H5,2,42,40,10,25,11,12,2,6,0,0,active,
early_sample_five,15,1,sample_extract,sample_extract,H5,H5,10,40,30,10,25,10,12,6,6,0,0,active,
early_sample_five,16,1,移动至H4,move,H5,H4,2,30,28,10,25,10,12,6,6,0,0,active,
early_sample_five,17,1,移动至H3,move,H4,H3,2,28,26,10,25,10,12,6,6,0,0,active,
early_sample_five,18,1,移动至H6,move,H3,H6,2,26,24,10,25,10,12,6,6,0,0,active,
early_sample_five,19,1,移动至H7,move,H6,H7,2,24,22,10,25,10,12,6,6,0,0,active,
early_sample_five,20,1,H_orders,H_orders,H7,H7,4,22,18,10,25,10,12,6,6,0,0,active,
early_sample_five,21,1,移动至H6,move,H7,H6,2,18,16,10,25,10,12,6,6,0,0,active,
early_sample_five,22,1,实际所在地过夜,rest,H6,H6,0,16,100,10,25,10,12,6,4,0,0,active,
early_sample_five,23,2,移动至H7,move,H6,H7,2,100,98,10,25,10,12,6,4,0,0,active,
early_sample_five,24,2,移动至L0,move,H7,L0,8,98,90,10,25,10,12,6,4,0,0,active,
early_sample_five,25,2,移动至P0,move,L0,P0,8,90,82,10,25,10,12,6,4,0,0,active,
early_sample_five,26,2,移动至P1,move,P0,P1,2,82,80,10,25,10,12,6,4,0,0,active,
early_sample_five,27,2,power_survey,power_survey,P1,P1,6,80,74,10,25,10,12,6,4,0,0,active,
early_sample_five,28,2,power_restore,power_restore,P1,P1,12,74,62,10,25,10,12,6,4,0,0,active,
early_sample_five,29,2,移动至P0,move,P1,P0,2,62,60,10,25,10,12,6,4,0,0,active,
early_sample_five,30,2,移动至L0,move,P0,L0,8,60,52,10,25,10,12,6,4,0,0,active,
early_sample_five,31,2,移动至L1,move,L0,L1,2,52,50,10,25,10,12,6,4,0,0,active,
early_sample_five,32,2,L_front_open,L_front_open,L1,L1,6,50,44,10,25,10,11,6,4,0,0,active,
early_sample_five,33,2,搜索L_front,search,L1,L1,8,44,36,10,25,10,11,6,4,0,0,active,
early_sample_five,34,2,实取L_front/ration×2→pack,pickup,L1,L1,0,36,36,10,25,10,11,8,4,0,0,active,
early_sample_five,35,2,实取L_front/bandage×1→pack,pickup,L1,L1,0,36,36,10,25,10,11,9,4,0,0,active,
early_sample_five,36,2,L_manifest,L_manifest,L1,L1,6,36,30,10,25,10,11,9,4,0,0,active,
early_sample_five,37,2,移动至L2,move,L1,L2,2,30,28,10,25,10,11,9,4,0,0,active,
early_sample_five,38,2,指定战斗轨迹L_full,combat,L2,L2,16,28,12,7,21,9,11,9,4,0,0,active,
early_sample_five,39,2,L_verify,L_verify,L2,L2,6,12,6,7,21,9,11,9,4,0,0,active,
early_sample_five,40,2,L_fixation_open,L_fixation_open,L2,L2,6,6,0,7,21,9,10,9,4,0,0,active,
early_sample_five,41,2,实际所在地过夜,rest,L2,L2,0,0,85,7,21,9,10,9,2,0,0,active,
early_sample_five,42,3,实耗pack/bandage,use,L2,L2,0,85,85,8,21,9,10,8,2,0,0,active,
early_sample_five,43,3,L_extract,L_extract,L2,L2,10,85,75,8,21,9,10,12,2,0,0,active,
early_sample_five,44,3,搜索L_deep,search,L2,L2,8,75,67,8,21,9,10,12,2,0,0,active,
early_sample_five,45,3,实取L_deep/ration×3→pack,pickup,L2,L2,0,67,67,8,21,9,10,15,2,0,0,active,
early_sample_five,46,3,实取L_deep/metal×1→pack,pickup,L2,L2,0,67,67,8,21,9,10,16,2,0,0,active,
early_sample_five,47,3,实取L_deep/cloth×1→pack,pickup,L2,L2,0,67,67,8,21,9,10,17,2,0,0,active,
early_sample_five,48,3,实耗pack/ration,use,L2,L2,0,67,67,8,21,9,10,16,4,0,0,active,
early_sample_five,49,3,移动至L1,move,L2,L1,2,67,65,8,21,9,10,16,4,0,0,active,
early_sample_five,50,3,移动至L0,move,L1,L0,2,65,63,8,21,9,10,16,4,0,0,active,
early_sample_five,51,3,移动至C0,move,L0,C0,8,63,55,8,21,9,10,16,4,0,0,active,
early_sample_five,52,3,移动至C1,move,C0,C1,2,55,53,8,21,9,10,16,4,0,0,active,
early_sample_five,53,3,C_match,C_match,C1,C1,4,53,49,8,21,9,10,16,4,0,0,active,
early_sample_five,54,3,移动至C4,move,C1,C4,2,49,47,8,21,9,10,16,4,0,0,active,
early_sample_five,55,3,C_spares_open,C_spares_open,C4,C4,6,47,41,8,21,9,9,16,4,0,0,active,
early_sample_five,56,3,实取C_spares/metal×1→pack,pickup,C4,C4,0,41,41,8,21,9,9,17,4,0,0,active,
early_sample_five,57,3,实取C_spares/electronics×1→pack,pickup,C4,C4,0,41,41,8,21,9,9,18,4,0,0,active,
early_sample_five,58,3,实取C_spares/battery×1→pack,pickup,C4,C4,0,41,41,8,21,9,9,19,4,0,0,active,
early_sample_five,59,3,移动至C1,move,C4,C1,3,41,38,8,21,9,9,19,4,0,0,active,
early_sample_five,60,3,C_channel_open,C_channel_open,C1,C1,6,38,32,8,21,9,8,19,4,0,0,active,
early_sample_five,61,3,移动至C2,move,C1,C2,3,32,29,8,21,9,8,19,4,0,0,active,
early_sample_five,62,3,指定战斗轨迹C_full,combat,C2,C2,20,29,9,5,15,7,8,19,4,0,1,active,
early_sample_five,63,3,移动至C3,move,C2,C3,3,9,6,5,15,7,8,19,4,0,1,active,
early_sample_five,64,3,C_extract,C_extract,C3,C3,10,6,0,5,15,7,8,21,4,0,1,active,
early_sample_five,65,3,实际所在地过夜,rest,C3,C3,0,0,85,5,15,7,8,21,2,20,0,active,
early_sample_five,66,4,移动至C2,move,C3,C2,3,85,82,5,15,7,8,21,2,20,0,active,
early_sample_five,67,4,移动至C1,move,C2,C1,3,82,79,5,15,7,8,21,2,20,0,active,
early_sample_five,68,4,移动至C0,move,C1,C0,3,79,76,5,15,7,8,21,2,20,0,active,
early_sample_five,69,4,移动至H0,move,C0,H0,9,76,67,5,15,7,8,21,2,20,0,active,
early_sample_five,70,4,移动至H1,move,H0,H1,3,67,64,5,15,7,8,21,2,20,0,active,
early_sample_five,71,4,移动至H7,move,H1,H7,3,64,61,5,15,7,8,21,2,20,0,active,
early_sample_five,72,4,移动至H8,move,H7,H8,3,61,58,5,15,7,8,21,2,20,0,active,
early_sample_five,73,4,install,install,H8,H8,12,58,46,5,15,7,8,13,2,20,0,active,
early_sample_five,74,4,移动至H7,move,H8,H7,2,46,44,5,15,7,8,13,2,20,0,active,
early_sample_five,75,4,移动至H1,move,H7,H1,2,44,42,5,15,7,8,13,2,20,0,active,
early_sample_five,76,4,移动至H0,move,H1,H0,2,42,40,5,15,7,8,13,2,20,0,active,
early_sample_five,77,4,success,success,H0,HUB,0,40,40,5,15,7,8,0,2,20,0,success,
damaged_split_five,1,1,移动至H1,move,H0,H1,2,100,98,8,30,12,12,0,6,0,0,active,
damaged_split_five,2,1,搜索H_hall,search,H1,H1,12,98,86,8,30,12,12,0,6,0,0,active,
damaged_split_five,3,1,实取H_hall/metal×1→pack,pickup,H1,H1,0,86,86,8,30,12,12,1,6,0,0,active,
damaged_split_five,4,1,移动至H2,move,H1,H2,2,86,84,8,30,12,12,1,6,0,0,active,
damaged_split_five,5,1,搜索H_pharmacy,search,H2,H2,12,84,72,8,30,12,12,1,6,0,0,active,
damaged_split_five,6,1,实取H_pharmacy/bandage×1→q2,pickup,H2,H2,0,72,72,8,30,12,12,1,6,0,0,active,
damaged_split_five,7,1,移动至H1,move,H2,H1,2,72,70,8,30,12,12,1,6,0,0,active,
damaged_split_five,8,1,移动至H3,move,H1,H3,2,70,68,8,30,12,12,1,6,0,0,active,
damaged_split_five,9,1,搜索H_security,search,H3,H3,12,68,56,8,30,12,12,1,6,0,0,active,
damaged_split_five,10,1,实取H_security/card×1→pack,pickup,H3,H3,0,56,56,8,30,12,12,1,6,0,0,active,
damaged_split_five,11,1,实取H_security/battery×1→pack,pickup,H3,H3,0,56,56,8,30,12,12,2,6,0,0,active,
damaged_split_five,12,1,移动至H6,move,H3,H6,2,56,54,8,30,12,12,2,6,0,0,active,
damaged_split_five,13,1,移动至H7,move,H6,H7,2,54,52,8,30,12,12,2,6,0,0,active,
damaged_split_five,14,1,H_orders,H_orders,H7,H7,4,52,48,8,30,12,12,2,6,0,0,active,
damaged_split_five,15,1,移动至H6,move,H7,H6,2,48,46,8,30,12,12,2,6,0,0,active,
damaged_split_five,16,1,实际所在地过夜,rest,H6,H6,0,46,100,8,30,12,12,2,4,0,0,active,
damaged_split_five,17,2,移动至H7,move,H6,H7,2,100,98,8,30,12,12,2,4,0,0,active,
damaged_split_five,18,2,移动至L0,move,H7,L0,8,98,90,8,30,12,12,2,4,0,0,active,
damaged_split_five,19,2,移动至P0,move,L0,P0,8,90,82,8,30,12,12,2,4,0,0,active,
damaged_split_five,20,2,移动至P1,move,P0,P1,2,82,80,8,30,12,12,2,4,0,0,active,
damaged_split_five,21,2,power_survey,power_survey,P1,P1,6,80,74,8,30,12,12,2,4,0,0,active,
damaged_split_five,22,2,power_restore,power_restore,P1,P1,12,74,62,8,30,12,12,2,4,0,0,active,
damaged_split_five,23,2,移动至P0,move,P1,P0,2,62,60,8,30,12,12,2,4,0,0,active,
damaged_split_five,24,2,移动至L0,move,P0,L0,8,60,52,8,30,12,12,2,4,0,0,active,
damaged_split_five,25,2,移动至L1,move,L0,L1,2,52,50,8,30,12,12,2,4,0,0,active,
damaged_split_five,26,2,L_front_open,L_front_open,L1,L1,6,50,44,8,30,12,11,2,4,0,0,active,
damaged_split_five,27,2,搜索L_front,search,L1,L1,8,44,36,8,30,12,11,2,4,0,0,active,
damaged_split_five,28,2,实取L_front/ration×2→pack,pickup,L1,L1,0,36,36,8,30,12,11,4,4,0,0,active,
damaged_split_five,29,2,实取L_front/bandage×1→pack,pickup,L1,L1,0,36,36,8,30,12,11,5,4,0,0,active,
damaged_split_five,30,2,L_manifest,L_manifest,L1,L1,6,36,30,8,30,12,11,5,4,0,0,active,
damaged_split_five,31,2,移动至L5,move,L1,L5,2,30,28,8,30,12,11,5,4,0,0,active,
damaged_split_five,32,2,实际所在地过夜,rest,L5,L5,0,28,100,8,30,12,11,5,2,0,0,active,
damaged_split_five,33,3,移动至L1,move,L5,L1,2,100,98,8,30,12,11,5,2,0,0,active,
damaged_split_five,34,3,移动至L0,move,L1,L0,2,98,96,8,30,12,11,5,2,0,0,active,
damaged_split_five,35,3,移动至C0,move,L0,C0,8,96,88,8,30,12,11,5,2,0,0,active,
damaged_split_five,36,3,移动至C1,move,C0,C1,2,88,86,8,30,12,11,5,2,0,0,active,
damaged_split_five,37,3,C_match,C_match,C1,C1,6,86,80,8,30,12,11,5,2,0,0,active,
damaged_split_five,38,3,移动至C4,move,C1,C4,2,80,78,8,30,12,11,5,2,0,0,active,
damaged_split_five,39,3,C_spares_open,C_spares_open,C4,C4,6,78,72,8,30,12,10,5,2,0,0,active,
damaged_split_five,40,3,实取C_spares/metal×1→pack,pickup,C4,C4,0,72,72,8,30,12,10,6,2,0,0,active,
damaged_split_five,41,3,实取C_spares/electronics×1→pack,pickup,C4,C4,0,72,72,8,30,12,10,7,2,0,0,active,
damaged_split_five,42,3,实取C_spares/battery×1→pack,pickup,C4,C4,0,72,72,8,30,12,10,8,2,0,0,active,
damaged_split_five,43,3,搜索C_food,search,C4,C4,8,72,64,8,30,12,10,8,2,0,0,active,
damaged_split_five,44,3,实取C_food/ration×1→pack,pickup,C4,C4,0,64,64,8,30,12,10,9,2,0,0,active,
damaged_split_five,45,3,实耗pack/ration,use,C4,C4,0,64,64,8,30,12,10,8,4,0,0,active,
damaged_split_five,46,3,实际所在地过夜,rest,C4,C4,0,64,100,8,30,12,10,8,2,0,0,active,
damaged_split_five,47,4,移动至C1,move,C4,C1,2,100,98,8,30,12,10,8,2,0,0,active,
damaged_split_five,48,4,移动至C0,move,C1,C0,2,98,96,8,30,12,10,8,2,0,0,active,
damaged_split_five,49,4,移动至L0,move,C0,L0,8,96,88,8,30,12,10,8,2,0,0,active,
damaged_split_five,50,4,移动至L1,move,L0,L1,2,88,86,8,30,12,10,8,2,0,0,active,
damaged_split_five,51,4,移动至L2,move,L1,L2,2,86,84,8,30,12,10,8,2,0,0,active,
damaged_split_five,52,4,指定战斗轨迹L_full,combat,L2,L2,16,84,68,5,26,11,10,8,2,0,0,active,
damaged_split_five,53,4,实耗pack/bandage,use,L2,L2,0,68,68,6,26,11,10,7,2,0,0,active,
damaged_split_five,54,4,L_verify,L_verify,L2,L2,4,68,64,6,26,11,10,7,2,0,0,active,
damaged_split_five,55,4,L_fixation_open,L_fixation_open,L2,L2,6,64,58,6,26,11,9,7,2,0,0,active,
damaged_split_five,56,4,L_extract,L_extract,L2,L2,10,58,48,6,26,11,9,11,2,0,0,active,
damaged_split_five,57,4,搜索L_deep,search,L2,L2,8,48,40,6,26,11,9,11,2,0,0,active,
damaged_split_five,58,4,实取L_deep/ration×3→pack,pickup,L2,L2,0,40,40,6,26,11,9,14,2,0,0,active,
damaged_split_five,59,4,实取L_deep/metal×1→pack,pickup,L2,L2,0,40,40,6,26,11,9,15,2,0,0,active,
damaged_split_five,60,4,实取L_deep/cloth×1→pack,pickup,L2,L2,0,40,40,6,26,11,9,16,2,0,0,active,
damaged_split_five,61,4,移动至L1,move,L2,L1,2,40,38,6,26,11,9,16,2,0,0,active,
damaged_split_five,62,4,移动至L5,move,L1,L5,2,38,36,6,26,11,9,16,2,0,0,active,
damaged_split_five,63,4,实耗pack/ration,use,L5,L5,0,36,36,6,26,11,9,15,4,0,0,active,
damaged_split_five,64,4,实际所在地过夜,rest,L5,L5,0,36,100,6,26,11,9,15,2,0,0,active,
damaged_split_five,65,5,移动至L1,move,L5,L1,2,100,98,6,26,11,9,15,2,0,0,active,
damaged_split_five,66,5,移动至L0,move,L1,L0,2,98,96,6,26,11,9,15,2,0,0,active,
damaged_split_five,67,5,移动至C0,move,L0,C0,8,96,88,6,26,11,9,15,2,0,0,active,
damaged_split_five,68,5,移动至C1,move,C0,C1,2,88,86,6,26,11,9,15,2,0,0,active,
damaged_split_five,69,5,C_channel_open,C_channel_open,C1,C1,6,86,80,6,26,11,8,15,2,0,0,active,
damaged_split_five,70,5,移动至C2,move,C1,C2,2,80,78,6,26,11,8,15,2,0,0,active,
damaged_split_five,71,5,指定战斗轨迹C_split,combat,C2,C1,20,78,58,3,22,9,8,15,2,0,1,active,
damaged_split_five,72,5,实耗q1/bandage,use,C1,C1,0,58,58,4,22,9,8,15,2,0,1,active,
damaged_split_five,73,5,移动至C4,move,C1,C4,2,58,56,4,22,9,8,15,2,0,1,active,
damaged_split_five,74,5,实耗pack/ration,use,C4,C4,0,56,56,4,22,9,8,14,4,0,1,active,
damaged_split_five,75,5,实际所在地过夜,rest,C4,C4,0,56,100,4,22,9,8,14,2,20,0,active,
damaged_split_five,76,6,移动至C1,move,C4,C1,2,100,98,4,22,9,8,14,2,20,0,active,
damaged_split_five,77,6,移动至C2,move,C1,C2,2,98,96,4,22,9,8,14,2,20,0,active,
damaged_split_five,78,6,指定战斗轨迹C_resume,combat,C2,C2,6,96,90,3,20,8,8,14,2,20,0,active,
damaged_split_five,79,6,实耗q2/bandage,use,C2,C2,0,90,90,4,20,8,8,14,2,20,0,active,
damaged_split_five,80,6,移动至C3,move,C2,C3,2,90,88,4,20,8,8,14,2,20,0,active,
damaged_split_five,81,6,C_extract,C_extract,C3,C3,10,88,78,4,20,8,8,16,2,20,0,active,
damaged_split_five,82,6,移动至C2,move,C3,C2,2,78,76,4,20,8,8,16,2,20,0,active,
damaged_split_five,83,6,移动至C1,move,C2,C1,2,76,74,4,20,8,8,16,2,20,0,active,
damaged_split_five,84,6,移动至C4,move,C1,C4,2,74,72,4,20,8,8,16,2,20,0,active,
damaged_split_five,85,6,实耗pack/ration,use,C4,C4,0,72,72,4,20,8,8,15,4,20,0,active,
damaged_split_five,86,6,实际所在地过夜,rest,C4,C4,0,72,100,4,20,8,8,15,2,25,0,active,
damaged_split_five,87,7,移动至C1,move,C4,C1,2,100,98,4,20,8,8,15,2,25,0,active,
damaged_split_five,88,7,移动至C0,move,C1,C0,2,98,96,4,20,8,8,15,2,25,0,active,
damaged_split_five,89,7,移动至H0,move,C0,H0,8,96,88,4,20,8,8,15,2,25,0,active,
damaged_split_five,90,7,移动至H1,move,H0,H1,2,88,86,4,20,8,8,15,2,25,0,active,
damaged_split_five,91,7,移动至H3,move,H1,H3,2,86,84,4,20,8,8,15,2,25,0,active,
damaged_split_five,92,7,移动至H4,move,H3,H4,2,84,82,4,20,8,8,15,2,25,0,active,
damaged_split_five,93,7,指定战斗轨迹H_full,combat,H4,H4,12,82,70,2,15,7,8,15,2,25,0,active,
damaged_split_five,94,7,移动至H5,move,H4,H5,2,70,68,2,15,7,8,15,2,25,0,active,
damaged_split_five,95,7,sample_extract,sample_extract,H5,H5,10,68,58,2,15,6,8,19,2,25,0,active,
damaged_split_five,96,7,移动至H4,move,H5,H4,3,58,55,2,15,6,8,19,2,25,0,active,
damaged_split_five,97,7,移动至H3,move,H4,H3,3,55,52,2,15,6,8,19,2,25,0,active,
damaged_split_five,98,7,移动至H6,move,H3,H6,3,52,49,2,15,6,8,19,2,25,0,active,
damaged_split_five,99,7,移动至H7,move,H6,H7,3,49,46,2,15,6,8,19,2,25,0,active,
damaged_split_five,100,7,移动至H8,move,H7,H8,3,46,43,2,15,6,8,19,2,25,0,active,
damaged_split_five,101,7,install,install,H8,H8,12,43,31,2,15,6,8,11,2,25,0,active,
damaged_split_five,102,7,移动至H7,move,H8,H7,2,31,29,2,15,6,8,11,2,25,0,active,
damaged_split_five,103,7,移动至H1,move,H7,H1,2,29,27,2,15,6,8,11,2,25,0,active,
damaged_split_five,104,7,移动至H0,move,H1,H0,2,27,25,2,15,6,8,11,2,25,0,active,
damaged_split_five,105,7,success,success,H0,HUB,0,25,25,2,15,6,8,0,2,25,0,success,
flashlight_five,1,1,移动至H1,move,H0,H1,2,100,98,12,30,12,8,0,6,0,0,active,
flashlight_five,2,1,搜索H_hall,search,H1,H1,8,98,90,12,30,12,7,0,6,0,0,active,
flashlight_five,3,1,实取H_hall/metal×1→pack,pickup,H1,H1,0,90,90,12,30,12,7,1,6,0,0,active,
flashlight_five,4,1,移动至H2,move,H1,H2,2,90,88,12,30,12,7,1,6,0,0,active,
flashlight_five,5,1,搜索H_pharmacy,search,H2,H2,8,88,80,12,30,12,6,1,6,0,0,active,
flashlight_five,6,1,实取H_pharmacy/bandage×1→q2,pickup,H2,H2,0,80,80,12,30,12,6,1,6,0,0,active,
flashlight_five,7,1,移动至H1,move,H2,H1,2,80,78,12,30,12,6,1,6,0,0,active,
flashlight_five,8,1,移动至H3,move,H1,H3,2,78,76,12,30,12,6,1,6,0,0,active,
flashlight_five,9,1,搜索H_security,search,H3,H3,8,76,68,12,30,12,5,1,6,0,0,active,
flashlight_five,10,1,实取H_security/card×1→pack,pickup,H3,H3,0,68,68,12,30,12,5,1,6,0,0,active,
flashlight_five,11,1,实取H_security/battery×1→pack,pickup,H3,H3,0,68,68,12,30,12,5,2,6,0,0,active,
flashlight_five,12,1,移动至H4,move,H3,H4,2,68,66,12,30,12,5,2,6,0,0,active,
flashlight_five,13,1,指定战斗轨迹H_full,combat,H4,H4,12,66,54,10,25,11,5,2,6,0,0,active,
flashlight_five,14,1,移动至H5,move,H4,H5,2,54,52,10,25,11,5,2,6,0,0,active,
flashlight_five,15,1,sample_extract,sample_extract,H5,H5,10,52,42,10,25,10,5,6,6,0,0,active,
flashlight_five,16,1,移动至H4,move,H5,H4,2,42,40,10,25,10,5,6,6,0,0,active,
flashlight_five,17,1,移动至H3,move,H4,H3,2,40,38,10,25,10,5,6,6,0,0,active,
flashlight_five,18,1,移动至H6,move,H3,H6,2,38,36,10,25,10,5,6,6,0,0,active,
flashlight_five,19,1,移动至H7,move,H6,H7,2,36,34,10,25,10,5,6,6,0,0,active,
flashlight_five,20,1,H_orders,H_orders,H7,H7,4,34,30,10,25,10,5,6,6,0,0,active,
flashlight_five,21,1,移动至H6,move,H7,H6,2,30,28,10,25,10,5,6,6,0,0,active,
flashlight_five,22,1,实际所在地过夜,rest,H6,H6,0,28,100,10,25,10,5,6,4,0,0,active,
flashlight_five,23,2,移动至H7,move,H6,H7,2,100,98,10,25,10,5,6,4,0,0,active,
flashlight_five,24,2,移动至L0,move,H7,L0,8,98,90,10,25,10,5,6,4,0,0,active,
flashlight_five,25,2,移动至P0,move,L0,P0,8,90,82,10,25,10,5,6,4,0,0,active,
flashlight_five,26,2,移动至P1,move,P0,P1,2,82,80,10,25,10,5,6,4,0,0,active,
flashlight_five,27,2,power_survey,power_survey,P1,P1,6,80,74,10,25,10,5,6,4,0,0,active,
flashlight_five,28,2,power_restore,power_restore,P1,P1,12,74,62,10,25,10,5,6,4,0,0,active,
flashlight_five,29,2,移动至P0,move,P1,P0,2,62,60,10,25,10,5,6,4,0,0,active,
flashlight_five,30,2,移动至L0,move,P0,L0,8,60,52,10,25,10,5,6,4,0,0,active,
flashlight_five,31,2,移动至L1,move,L0,L1,2,52,50,10,25,10,5,6,4,0,0,active,
flashlight_five,32,2,L_front_open,L_front_open,L1,L1,14,50,36,10,25,10,5,6,4,0,0,active,
flashlight_five,33,2,搜索L_front,search,L1,L1,8,36,28,10,25,10,5,6,4,0,0,active,
flashlight_five,34,2,实取L_front/ration×2→pack,pickup,L1,L1,0,28,28,10,25,10,5,8,4,0,0,active,
flashlight_five,35,2,实取L_front/bandage×1→pack,pickup,L1,L1,0,28,28,10,25,10,5,9,4,0,0,active,
flashlight_five,36,2,L_manifest,L_manifest,L1,L1,6,28,22,10,25,10,5,9,4,0,0,active,
flashlight_five,37,2,移动至L2,move,L1,L2,2,22,20,10,25,10,5,9,4,0,0,active,
flashlight_five,38,2,指定战斗轨迹L_full,combat,L2,L2,16,20,4,7,21,9,5,9,4,0,0,active,
flashlight_five,39,2,L_verify,L_verify,L2,L2,6,4,0,7,21,9,5,9,4,0,0,active,
flashlight_five,40,2,实际所在地过夜,rest,L2,L2,0,0,85,7,21,9,5,9,2,0,0,active,
flashlight_five,41,3,实耗pack/bandage,use,L2,L2,0,85,85,8,21,9,5,8,2,0,0,active,
flashlight_five,42,3,L_fixation_open,L_fixation_open,L2,L2,14,85,71,8,21,9,5,8,2,0,0,active,
flashlight_five,43,3,L_extract,L_extract,L2,L2,10,71,61,8,21,9,5,12,2,0,0,active,
flashlight_five,44,3,搜索L_deep,search,L2,L2,8,61,53,8,21,9,5,12,2,0,0,active,
flashlight_five,45,3,实取L_deep/ration×3→pack,pickup,L2,L2,0,53,53,8,21,9,5,15,2,0,0,active,
flashlight_five,46,3,实取L_deep/metal×1→pack,pickup,L2,L2,0,53,53,8,21,9,5,16,2,0,0,active,
flashlight_five,47,3,实取L_deep/cloth×1→pack,pickup,L2,L2,0,53,53,8,21,9,5,17,2,0,0,active,
flashlight_five,48,3,实耗pack/ration,use,L2,L2,0,53,53,8,21,9,5,16,4,0,0,active,
flashlight_five,49,3,移动至L1,move,L2,L1,2,53,51,8,21,9,5,16,4,0,0,active,
flashlight_five,50,3,移动至L0,move,L1,L0,2,51,49,8,21,9,5,16,4,0,0,active,
flashlight_five,51,3,移动至C0,move,L0,C0,8,49,41,8,21,9,5,16,4,0,0,active,
flashlight_five,52,3,移动至C1,move,C0,C1,2,41,39,8,21,9,5,16,4,0,0,active,
flashlight_five,53,3,C_match,C_match,C1,C1,4,39,35,8,21,9,5,16,4,0,0,active,
flashlight_five,54,3,移动至C4,move,C1,C4,2,35,33,8,21,9,5,16,4,0,0,active,
flashlight_five,55,3,C_spares_open,C_spares_open,C4,C4,14,33,19,8,21,9,5,16,4,0,0,active,
flashlight_five,56,3,实取C_spares/metal×1→pack,pickup,C4,C4,0,19,19,8,21,9,5,17,4,0,0,active,
flashlight_five,57,3,实取C_spares/electronics×1→pack,pickup,C4,C4,0,19,19,8,21,9,5,18,4,0,0,active,
flashlight_five,58,3,实取C_spares/battery×1→pack,pickup,C4,C4,0,19,19,8,21,9,5,19,4,0,0,active,
flashlight_five,59,3,移动至C1,move,C4,C1,3,19,16,8,21,9,5,19,4,0,0,active,
flashlight_five,60,3,C_channel_open,C_channel_open,C1,C1,14,16,2,8,21,9,5,19,4,0,0,active,
flashlight_five,61,3,移动至C2,move,C1,C2,3,2,0,8,21,9,5,19,4,0,0,active,
flashlight_five,62,3,指定战斗轨迹C_full,combat,C2,C2,20,0,0,5,15,7,5,19,4,0,1,active,
flashlight_five,63,3,实际所在地过夜,rest,C2,C2,0,0,85,5,15,7,5,19,2,20,0,active,
flashlight_five,64,4,移动至C3,move,C2,C3,3,85,82,5,15,7,5,19,2,20,0,active,
flashlight_five,65,4,C_extract,C_extract,C3,C3,10,82,72,5,15,7,5,21,2,20,0,active,
flashlight_five,66,4,移动至C2,move,C3,C2,3,72,69,5,15,7,5,21,2,20,0,active,
flashlight_five,67,4,移动至C1,move,C2,C1,3,69,66,5,15,7,5,21,2,20,0,active,
flashlight_five,68,4,移动至C0,move,C1,C0,3,66,63,5,15,7,5,21,2,20,0,active,
flashlight_five,69,4,移动至H0,move,C0,H0,9,63,54,5,15,7,5,21,2,20,0,active,
flashlight_five,70,4,移动至H1,move,H0,H1,3,54,51,5,15,7,5,21,2,20,0,active,
flashlight_five,71,4,移动至H7,move,H1,H7,3,51,48,5,15,7,5,21,2,20,0,active,
flashlight_five,72,4,移动至H8,move,H7,H8,3,48,45,5,15,7,5,21,2,20,0,active,
flashlight_five,73,4,install,install,H8,H8,12,45,33,5,15,7,5,13,2,20,0,active,
flashlight_five,74,4,移动至H7,move,H8,H7,2,33,31,5,15,7,5,13,2,20,0,active,
flashlight_five,75,4,移动至H1,move,H7,H1,2,31,29,5,15,7,5,13,2,20,0,active,
flashlight_five,76,4,移动至H0,move,H1,H0,2,29,27,5,15,7,5,13,2,20,0,active,
flashlight_five,77,4,success,success,H0,HUB,0,27,27,5,15,7,5,0,2,20,0,success,
original_R4_illegal,1,1,移动至H1,move,H0,H1,2,100,98,12,30,12,12,0,6,0,0,active,
original_R4_illegal,2,1,移动至H7,move,H1,H7,2,98,96,12,30,12,12,0,6,0,0,active,
original_R4_illegal,3,1,移动至L0,move,H7,L0,8,96,88,12,30,12,12,0,6,0,0,active,
original_R4_illegal,4,1,移动至L1,move,L0,L1,2,88,86,12,30,12,12,0,6,0,0,active,
original_R4_illegal,5,1,L_front_open,L_front_open,L1,L1,6,86,80,12,30,12,11,0,6,0,0,active,
original_R4_illegal,6,1,搜索L_front,search,L1,L1,8,80,72,12,30,12,11,0,6,0,0,active,
original_R4_illegal,7,1,实取L_front/ration×2→pack,pickup,L1,L1,0,72,72,12,30,12,11,2,6,0,0,active,
original_R4_illegal,8,1,实取L_front/bandage×1→pack,pickup,L1,L1,0,72,72,12,30,12,11,3,6,0,0,active,
original_R4_illegal,9,1,L_manifest,L_manifest,L1,L1,6,72,66,12,30,12,11,3,6,0,0,active,
original_R4_illegal,10,1,移动至L2,move,L1,L2,2,66,64,12,30,12,11,3,6,0,0,active,
original_R4_illegal,11,1,指定战斗轨迹L_full,combat,L2,L2,16,64,48,9,26,11,11,3,6,0,0,active,
original_R4_illegal,12,1,L_verify,L_verify,L2,L2,6,48,42,9,26,11,11,3,6,0,0,active,
original_R4_illegal,13,1,L_fixation_open,L_fixation_open,L2,L2,6,42,36,9,26,11,10,3,6,0,0,active,
original_R4_illegal,14,1,L_extract,L_extract,L2,L2,10,36,26,9,26,11,10,7,6,0,0,active,
original_R4_illegal,15,1,搜索L_deep,search,L2,L2,8,26,18,9,26,11,10,7,6,0,0,active,
original_R4_illegal,16,1,实取L_deep/ration×3→pack,pickup,L2,L2,0,18,18,9,26,11,10,10,6,0,0,active,
original_R4_illegal,17,1,实取L_deep/metal×1→pack,pickup,L2,L2,0,18,18,9,26,11,10,11,6,0,0,active,
original_R4_illegal,18,1,实取L_deep/cloth×1→pack,pickup,L2,L2,0,18,18,9,26,11,10,12,6,0,0,active,
original_R4_illegal,19,1,移动至L4,move,L2,L4,2,18,16,9,26,11,10,12,6,0,0,active,
original_R4_illegal,20,1,power_survey,power_survey,L4,L4,6,16,10,9,26,11,10,12,6,0,0,active,
original_R4_illegal,21,1,power_restore,power_restore,L4,L4,12,10,0,9,26,11,10,12,6,0,0,active,
original_R4_illegal,22,1,实际所在地过夜,rest,L4,L4,0,0,85,9,26,11,10,12,4,0,0,active,
original_R4_illegal,23,2,移动至L3,move,L4,L3,2,85,83,9,26,11,10,12,4,0,0,active,
original_R4_illegal,24,2,移动至L1,move,L3,L1,2,83,81,9,26,11,10,12,4,0,0,active,
original_R4_illegal,25,2,移动至L0,move,L1,L0,2,81,79,9,26,11,10,12,4,0,0,active,
original_R4_illegal,26,2,移动至C0,move,L0,C0,8,79,71,9,26,11,10,12,4,0,0,active,
original_R4_illegal,27,2,移动至C1,move,C0,C1,2,71,69,9,26,11,10,12,4,0,0,active,
original_R4_illegal,28,2,移动至C4,move,C1,C4,2,69,67,9,26,11,10,12,4,0,0,active,
original_R4_illegal,29,2,C_spares_open,C_spares_open,C4,C4,6,67,61,9,26,11,9,12,4,0,0,active,
original_R4_illegal,30,2,实取C_spares/metal×1→pack,pickup,C4,C4,0,61,61,9,26,11,9,13,4,0,0,active,
original_R4_illegal,31,2,实取C_spares/electronics×1→pack,pickup,C4,C4,0,61,61,9,26,11,9,14,4,0,0,active,
original_R4_illegal,32,2,实取C_spares/battery×1→pack,pickup,C4,C4,0,61,61,9,26,11,9,15,4,0,0,active,
original_R4_illegal,33,2,移动至C1,move,C4,C1,2,61,59,9,26,11,9,15,4,0,0,active,
original_R4_illegal,34,2,C_channel_open,C_channel_open,C1,C1,6,59,53,9,26,11,8,15,4,0,0,active,
original_R4_illegal,35,2,移动至C2,move,C1,C2,2,53,51,9,26,11,8,15,4,0,0,active,
original_R4_illegal,36,2,指定战斗轨迹C_full,combat,C2,C2,20,51,31,6,20,9,8,15,4,0,1,active,
original_R4_illegal,37,2,移动至C3,move,C2,C3,2,31,29,6,20,9,8,15,4,0,1,active,
original_R4_illegal,38,2,C_match,C_match,C3,C3,0,29,29,6,20,9,8,15,4,0,1,active,wrong_location
corrected_R4_three,1,1,移动至H1,move,H0,H1,2,100,98,12,30,12,12,0,6,0,0,active,
corrected_R4_three,2,1,移动至H7,move,H1,H7,2,98,96,12,30,12,12,0,6,0,0,active,
corrected_R4_three,3,1,移动至L0,move,H7,L0,8,96,88,12,30,12,12,0,6,0,0,active,
corrected_R4_three,4,1,移动至L1,move,L0,L1,2,88,86,12,30,12,12,0,6,0,0,active,
corrected_R4_three,5,1,L_front_open,L_front_open,L1,L1,6,86,80,12,30,12,11,0,6,0,0,active,
corrected_R4_three,6,1,搜索L_front,search,L1,L1,8,80,72,12,30,12,11,0,6,0,0,active,
corrected_R4_three,7,1,实取L_front/ration×2→pack,pickup,L1,L1,0,72,72,12,30,12,11,2,6,0,0,active,
corrected_R4_three,8,1,实取L_front/bandage×1→pack,pickup,L1,L1,0,72,72,12,30,12,11,3,6,0,0,active,
corrected_R4_three,9,1,L_manifest,L_manifest,L1,L1,6,72,66,12,30,12,11,3,6,0,0,active,
corrected_R4_three,10,1,移动至L2,move,L1,L2,2,66,64,12,30,12,11,3,6,0,0,active,
corrected_R4_three,11,1,指定战斗轨迹L_full,combat,L2,L2,16,64,48,9,26,11,11,3,6,0,0,active,
corrected_R4_three,12,1,L_verify,L_verify,L2,L2,6,48,42,9,26,11,11,3,6,0,0,active,
corrected_R4_three,13,1,L_fixation_open,L_fixation_open,L2,L2,6,42,36,9,26,11,10,3,6,0,0,active,
corrected_R4_three,14,1,L_extract,L_extract,L2,L2,10,36,26,9,26,11,10,7,6,0,0,active,
corrected_R4_three,15,1,搜索L_deep,search,L2,L2,8,26,18,9,26,11,10,7,6,0,0,active,
corrected_R4_three,16,1,实取L_deep/ration×3→pack,pickup,L2,L2,0,18,18,9,26,11,10,10,6,0,0,active,
corrected_R4_three,17,1,实取L_deep/metal×1→pack,pickup,L2,L2,0,18,18,9,26,11,10,11,6,0,0,active,
corrected_R4_three,18,1,实取L_deep/cloth×1→pack,pickup,L2,L2,0,18,18,9,26,11,10,12,6,0,0,active,
corrected_R4_three,19,1,移动至L4,move,L2,L4,2,18,16,9,26,11,10,12,6,0,0,active,
corrected_R4_three,20,1,power_survey,power_survey,L4,L4,6,16,10,9,26,11,10,12,6,0,0,active,
corrected_R4_three,21,1,power_restore,power_restore,L4,L4,12,10,0,9,26,11,10,12,6,0,0,active,
corrected_R4_three,22,1,实际所在地过夜,rest,L4,L4,0,0,85,9,26,11,10,12,4,0,0,active,
corrected_R4_three,23,2,移动至L3,move,L4,L3,2,85,83,9,26,11,10,12,4,0,0,active,
corrected_R4_three,24,2,移动至L1,move,L3,L1,2,83,81,9,26,11,10,12,4,0,0,active,
corrected_R4_three,25,2,移动至L0,move,L1,L0,2,81,79,9,26,11,10,12,4,0,0,active,
corrected_R4_three,26,2,移动至C0,move,L0,C0,8,79,71,9,26,11,10,12,4,0,0,active,
corrected_R4_three,27,2,移动至C1,move,C0,C1,2,71,69,9,26,11,10,12,4,0,0,active,
corrected_R4_three,28,2,C_match,C_match,C1,C1,4,69,65,9,26,11,10,12,4,0,0,active,
corrected_R4_three,29,2,移动至C4,move,C1,C4,2,65,63,9,26,11,10,12,4,0,0,active,
corrected_R4_three,30,2,C_spares_open,C_spares_open,C4,C4,6,63,57,9,26,11,9,12,4,0,0,active,
corrected_R4_three,31,2,实取C_spares/metal×1→pack,pickup,C4,C4,0,57,57,9,26,11,9,13,4,0,0,active,
corrected_R4_three,32,2,实取C_spares/electronics×1→pack,pickup,C4,C4,0,57,57,9,26,11,9,14,4,0,0,active,
corrected_R4_three,33,2,实取C_spares/battery×1→pack,pickup,C4,C4,0,57,57,9,26,11,9,15,4,0,0,active,
corrected_R4_three,34,2,移动至C1,move,C4,C1,2,57,55,9,26,11,9,15,4,0,0,active,
corrected_R4_three,35,2,C_channel_open,C_channel_open,C1,C1,6,55,49,9,26,11,8,15,4,0,0,active,
corrected_R4_three,36,2,移动至C2,move,C1,C2,2,49,47,9,26,11,8,15,4,0,0,active,
corrected_R4_three,37,2,指定战斗轨迹C_full,combat,C2,C2,20,47,27,6,20,9,8,15,4,0,1,active,
corrected_R4_three,38,2,移动至C3,move,C2,C3,2,27,25,6,20,9,8,15,4,0,1,active,
corrected_R4_three,39,2,C_extract,C_extract,C3,C3,10,25,15,6,20,9,8,17,4,0,1,active,
corrected_R4_three,40,2,移动至C2,move,C3,C2,3,15,12,6,20,9,8,17,4,0,1,active,
corrected_R4_three,41,2,移动至C1,move,C2,C1,3,12,9,6,20,9,8,17,4,0,1,active,
corrected_R4_three,42,2,移动至C4,move,C1,C4,3,9,6,6,20,9,8,17,4,0,1,active,
corrected_R4_three,43,2,实耗pack/ration,use,C4,C4,0,6,6,6,20,9,8,16,6,0,1,active,
corrected_R4_three,44,2,实际所在地过夜,rest,C4,C4,0,6,100,6,20,9,8,16,4,20,0,active,
corrected_R4_three,45,3,移动至C1,move,C4,C1,2,100,98,6,20,9,8,16,4,20,0,active,
corrected_R4_three,46,3,移动至C0,move,C1,C0,2,98,96,6,20,9,8,16,4,20,0,active,
corrected_R4_three,47,3,移动至H0,move,C0,H0,8,96,88,6,20,9,8,16,4,20,0,active,
corrected_R4_three,48,3,移动至H1,move,H0,H1,2,88,86,6,20,9,8,16,4,20,0,active,
corrected_R4_three,49,3,H_firedoor_open,H_firedoor_open,H1,H1,6,86,80,6,20,9,7,16,4,20,0,active,
corrected_R4_three,50,3,移动至H4,move,H1,H4,2,80,78,6,20,9,7,16,4,20,0,active,
corrected_R4_three,51,3,指定战斗轨迹H_full,combat,H4,H4,12,78,66,4,15,8,7,16,4,20,0,active,
corrected_R4_three,52,3,移动至H5,move,H4,H5,2,66,64,4,15,8,7,16,4,20,0,active,
corrected_R4_three,53,3,sample_extract,sample_extract,H5,H5,10,64,54,4,15,7,7,20,4,20,0,active,
corrected_R4_three,54,3,移动至H4,move,H5,H4,3,54,51,4,15,7,7,20,4,20,0,active,
corrected_R4_three,55,3,移动至H1,move,H4,H1,3,51,48,4,15,7,7,20,4,20,0,active,
corrected_R4_three,56,3,移动至H7,move,H1,H7,3,48,45,4,15,7,7,20,4,20,0,active,
corrected_R4_three,57,3,移动至H8,move,H7,H8,3,45,42,4,15,7,7,20,4,20,0,active,
corrected_R4_three,58,3,install,install,H8,H8,12,42,30,4,15,7,7,12,4,20,0,active,
corrected_R4_three,59,3,移动至H7,move,H8,H7,2,30,28,4,15,7,7,12,4,20,0,active,
corrected_R4_three,60,3,移动至H1,move,H7,H1,2,28,26,4,15,7,7,12,4,20,0,active,
corrected_R4_three,61,3,移动至H0,move,H1,H0,2,26,24,4,15,7,7,12,4,20,0,active,
corrected_R4_three,62,3,success,success,H0,HUB,0,24,24,4,15,7,7,0,4,20,0,success,
cross_region_work,1,1,移动至H1,move,H0,H1,2,100,98,12,30,12,12,0,6,0,0,active,
cross_region_work,2,1,移动至H7,move,H1,H7,2,98,96,12,30,12,12,0,6,0,0,active,
cross_region_work,3,1,H_orders,H_orders,H7,H7,4,96,92,12,30,12,12,0,6,0,0,active,
cross_region_work,4,1,移动至L0,move,H7,L0,8,92,84,12,30,12,12,0,6,0,0,active,
cross_region_work,5,1,移动至L1,move,L0,L1,2,84,82,12,30,12,12,0,6,0,0,active,
cross_region_work,6,1,L_front_open,L_front_open,L1,L1,6,82,76,12,30,12,11,0,6,0,0,active,
cross_region_work,7,1,搜索L_front,search,L1,L1,8,76,68,12,30,12,11,0,6,0,0,active,
topology_three_power,1,1,移动至H1,move,H0,H1,2,100,98,12,30,12,12,0,6,0,0,active,
topology_three_power,2,1,移动至H7,move,H1,H7,2,98,96,12,30,12,12,0,6,0,0,active,
topology_three_power,3,1,移动至L0,move,H7,L0,8,96,88,12,30,12,12,0,6,0,0,active,
topology_three_power,4,1,移动至L1,move,L0,L1,2,88,86,12,30,12,12,0,6,0,0,active,
topology_three_power,5,1,移动至L3,move,L1,L3,2,86,84,12,30,12,12,0,6,0,0,active,
topology_three_power,6,1,移动至L4,move,L3,L4,2,84,82,12,30,12,12,0,6,0,0,active,
topology_three_power,7,1,power_survey,power_survey,L4,L4,6,82,76,12,30,12,12,0,6,0,0,active,
topology_three_power,8,1,power_restore,power_restore,L4,L4,12,76,64,12,30,12,12,0,6,0,0,active,
topology_three_power,9,1,移动至L3,move,L4,L3,2,64,62,12,30,12,12,0,6,0,0,active,
topology_three_power,10,1,移动至L1,move,L3,L1,2,62,60,12,30,12,12,0,6,0,0,active,
topology_three_power,11,1,移动至L0,move,L1,L0,2,60,58,12,30,12,12,0,6,0,0,active,
topology_five_west,1,1,移动至T0,move,H0,T0,8,100,92,12,30,12,12,0,6,0,0,active,
topology_five_west,2,1,移动至P0,move,T0,P0,8,92,84,12,30,12,12,0,6,0,0,active,
topology_five_west,3,1,移动至P1,move,P0,P1,2,84,82,12,30,12,12,0,6,0,0,active,
topology_five_west,4,1,power_survey,power_survey,P1,P1,6,82,76,12,30,12,12,0,6,0,0,active,
topology_five_west,5,1,power_restore,power_restore,P1,P1,12,76,64,12,30,12,12,0,6,0,0,active,
topology_five_west,6,1,移动至P0,move,P1,P0,2,64,62,12,30,12,12,0,6,0,0,active,
topology_five_west,7,1,移动至L0,move,P0,L0,8,62,54,12,30,12,12,0,6,0,0,active,
topology_five_no_hotel,1,1,移动至H1,move,H0,H1,2,100,98,12,30,12,12,0,6,0,0,active,
topology_five_no_hotel,2,1,移动至H7,move,H1,H7,2,98,96,12,30,12,12,0,6,0,0,active,
topology_five_no_hotel,3,1,移动至L0,move,H7,L0,8,96,88,12,30,12,12,0,6,0,0,active,
topology_five_no_hotel,4,1,移动至P0,move,L0,P0,8,88,80,12,30,12,12,0,6,0,0,active,
topology_five_no_hotel,5,1,移动至P1,move,P0,P1,2,80,78,12,30,12,12,0,6,0,0,active,
topology_five_no_hotel,6,1,power_survey,power_survey,P1,P1,6,78,72,12,30,12,12,0,6,0,0,active,
topology_five_no_hotel,7,1,power_restore,power_restore,P1,P1,12,72,60,12,30,12,12,0,6,0,0,active,
topology_five_no_hotel,8,1,移动至P0,move,P1,P0,2,60,58,12,30,12,12,0,6,0,0,active,
topology_five_no_hotel,9,1,移动至L0,move,P0,L0,8,58,50,12,30,12,12,0,6,0,0,active,
A_same_position,1,1,移动至P0,move,P1,P0,2,12,10,9,30,12,12,0,6,0,0,active,
A_same_position,2,1,移动至T0,move,P0,T0,8,10,2,9,30,12,12,0,6,0,0,active,
A_same_position,3,1,移动至T1,move,T0,T1,2,2,0,9,30,12,12,0,6,0,0,active,
A_same_position,4,1,实际所在地过夜,rest,T1,T1,0,0,100,9,30,12,12,0,4,0,0,active,
A_same_position,5,2,移动至T0,move,T1,T0,2,100,98,9,30,12,12,0,4,0,0,active,
A_same_position,6,2,移动至P0,move,T0,P0,8,98,90,9,30,12,12,0,4,0,0,active,
A_same_position,7,2,移动至P1,move,P0,P1,2,90,88,9,30,12,12,0,4,0,0,active,
C_same_position,1,1,实际所在地过夜,rest,P1,P1,0,12,85,9,30,12,12,0,4,0,0,active,
A_defer_same_work,1,1,移动至P0,move,P1,P0,2,12,10,9,30,12,12,0,6,0,0,active,
A_defer_same_work,2,1,移动至T0,move,P0,T0,8,10,2,9,30,12,12,0,6,0,0,active,
A_defer_same_work,3,1,移动至T1,move,T0,T1,2,2,0,9,30,12,12,0,6,0,0,active,
A_defer_same_work,4,1,实际所在地过夜,rest,T1,T1,0,0,100,9,30,12,12,0,4,0,0,active,
A_defer_same_work,5,2,移动至T0,move,T1,T0,2,100,98,9,30,12,12,0,4,0,0,active,
A_defer_same_work,6,2,移动至P0,move,T0,P0,8,98,90,9,30,12,12,0,4,0,0,active,
A_defer_same_work,7,2,移动至P1,move,P0,P1,2,90,88,9,30,12,12,0,4,0,0,active,
A_defer_same_work,8,2,power_restore,power_restore,P1,P1,12,88,76,9,30,12,12,0,4,0,0,active,
C_finish_same_work,1,1,power_restore,power_restore,P1,P1,12,12,0,9,30,12,12,0,6,0,0,active,
C_finish_same_work,2,1,实际所在地过夜,rest,P1,P1,0,0,85,9,30,12,12,0,4,0,0,active,
last_positive_action,1,1,power_restore,power_restore,P1,P1,12,1,0,12,30,12,12,0,6,0,0,active,
zero_next_action,1,1,power_restore,power_restore,P1,P1,12,1,0,12,30,12,12,0,6,0,0,active,
zero_next_action,2,1,移动至P0,move,P1,P1,0,0,0,12,30,12,12,0,6,0,0,active,zero_energy
batch_is_multiple_edges,1,1,移动至H1,move,H0,H1,2,1,0,12,30,12,12,0,6,0,0,active,
batch_is_multiple_edges,2,1,移动至H7,move,H1,H1,0,0,0,12,30,12,12,0,6,0,0,active,zero_energy
zero_triggered_combat,1,1,移动至L2,move,L1,L2,2,2,0,12,30,12,12,0,6,0,0,active,
zero_triggered_combat,2,1,指定战斗轨迹L_full,combat,L2,L2,16,0,0,9,26,11,12,0,6,0,0,active,
cannot_rest_past_combat,1,1,移动至L2,move,L1,L2,2,2,0,12,30,12,12,0,6,0,0,active,
cannot_rest_past_combat,2,1,实际所在地过夜,rest,L2,L2,0,0,0,12,30,12,12,0,6,0,0,active,pending_encounter
unknown_route,1,1,移动至H3,move,H4,H4,0,100,100,12,30,12,12,0,6,0,0,active,unknown_edge
source_once_across_night,1,1,移动至H1,move,H0,H1,2,100,98,12,30,12,12,0,6,0,0,active,
source_once_across_night,2,1,搜索H_hall,search,H1,H1,12,98,86,12,30,12,12,0,6,0,0,active,
source_once_across_night,3,1,实取H_hall/metal×1→pack,pickup,H1,H1,0,86,86,12,30,12,12,1,6,0,0,active,
source_once_across_night,4,1,实际所在地过夜,rest,H1,H1,0,86,85,12,30,12,12,1,4,0,0,active,
source_once_across_night,5,2,搜索H_hall,search,H1,H1,0,85,85,12,30,12,12,1,4,0,0,active,source_already_revealed
C_quick_needs_information,1,1,C_match,C_match,C1,C1,0,100,100,12,30,12,12,0,6,0,0,active,missing_quick_information
P_work_wrong_location,1,1,power_restore,power_restore,L1,L1,0,100,100,12,30,12,12,0,6,0,0,active,wrong_location
zero_self_rescue_pickup,1,1,移动至H1,move,H0,H1,2,5,3,8,30,12,12,0,6,0,0,active,
zero_self_rescue_pickup,2,1,移动至H2,move,H1,H2,2,3,1,8,30,12,12,0,6,0,0,active,
zero_self_rescue_pickup,3,1,搜索H_pharmacy,search,H2,H2,12,1,0,8,30,12,12,0,6,0,0,active,
zero_self_rescue_pickup,4,1,实取H_pharmacy/bandage×1→pack,pickup,H2,H2,0,0,0,8,30,12,12,1,6,0,0,active,
zero_self_rescue_pickup,5,1,实耗pack/bandage,use,H2,H2,0,0,0,9,30,12,12,0,6,0,0,active,
missing_install_material,1,1,install,install,H8,H8,0,1,1,12,30,12,12,7,6,0,0,active,missing_item:electronics
misused_electronics_rejected,1,1,repair,repair,H8,H8,8,100,92,12,30,12,6,7,6,0,0,active,
misused_electronics_rejected,2,1,install,install,H8,H8,0,92,92,12,30,12,6,7,6,0,0,active,missing_item:electronics
misused_electronics_recovery,1,1,repair,repair,H8,H8,8,100,92,12,30,12,6,7,6,0,0,active,
misused_electronics_recovery,2,1,移动至H7,move,H8,H7,2,92,90,12,30,12,6,7,6,0,0,active,
misused_electronics_recovery,3,1,移动至L0,move,H7,L0,8,90,82,12,30,12,6,7,6,0,0,active,
misused_electronics_recovery,4,1,移动至L1,move,L0,L1,2,82,80,12,30,12,6,7,6,0,0,active,
misused_electronics_recovery,5,1,移动至L3,move,L1,L3,2,80,78,12,30,12,6,7,6,0,0,active,
misused_electronics_recovery,6,1,L_spares_open,L_spares_open,L3,L3,14,78,64,12,30,12,6,7,6,0,0,active,
misused_electronics_recovery,7,1,搜索L_spares,search,L3,L3,8,64,56,12,30,12,6,7,6,0,0,active,
misused_electronics_recovery,8,1,实取L_spares/electronics×1→pack,pickup,L3,L3,0,56,56,12,30,12,6,8,6,0,0,active,
misused_electronics_recovery,9,1,移动至L1,move,L3,L1,2,56,54,12,30,12,6,8,6,0,0,active,
misused_electronics_recovery,10,1,移动至L0,move,L1,L0,2,54,52,12,30,12,6,8,6,0,0,active,
misused_electronics_recovery,11,1,移动至H7,move,L0,H7,8,52,44,12,30,12,6,8,6,0,0,active,
misused_electronics_recovery,12,1,移动至H8,move,H7,H8,2,44,42,12,30,12,6,8,6,0,0,active,
misused_electronics_recovery,13,1,install,install,H8,H8,12,42,30,12,30,12,6,0,6,0,0,active,
night_bleeding_death,1,1,实际所在地过夜,rest,C4,C4,0,7,7,0,30,12,12,0,6,0,1,death,
night_infection_hp_loss,1,1,实际所在地过夜,rest,C4,C4,0,7,100,2,30,12,12,0,2,130,0,active,
H_wound_can_kill,1,1,移动至H4,move,H3,H4,2,100,98,4,30,12,12,0,6,0,0,active,
H_wound_can_kill,2,1,指定战斗轨迹H_wound,combat,H4,H4,12,98,86,0,25,11,12,0,6,0,0,death,
no_day_eight,1,7,实际所在地过夜,rest,C4,C4,0,100,100,12,30,12,12,0,6,0,0,active,no_day_eight
rest_target_not_addition,1,1,实际所在地过夜,rest,H0,H0,0,95,85,9,30,12,12,0,4,0,0,active,
no_signature_refresh_on_crossing,1,1,移动至C2,move,C1,C2,2,100,98,12,30,12,12,0,6,0,0,active,
no_signature_refresh_on_crossing,2,1,指定战斗轨迹C_full,combat,C2,C2,20,98,78,9,24,10,12,0,6,0,1,active,
no_signature_refresh_on_crossing,3,1,移动至C1,move,C2,C1,2,78,76,9,24,10,12,0,6,0,1,active,
no_signature_refresh_on_crossing,4,1,移动至C0,move,C1,C0,2,76,74,9,24,10,12,0,6,0,1,active,
no_signature_refresh_on_crossing,5,1,移动至H0,move,C0,H0,8,74,66,9,24,10,12,0,6,0,1,active,
no_signature_refresh_on_crossing,6,1,移动至H1,move,H0,H1,2,66,64,9,24,10,12,0,6,0,1,active,
no_signature_refresh_on_crossing,7,1,移动至H3,move,H1,H3,2,64,62,9,24,10,12,0,6,0,1,active,
no_signature_refresh_on_crossing,8,1,移动至H4,move,H3,H4,2,62,60,9,24,10,12,0,6,0,1,active,
no_signature_refresh_on_crossing,9,1,指定战斗轨迹H_full,combat,H4,H4,0,60,60,9,24,10,12,0,6,0,1,active,signature_already_used_today
terminal_success,1,5,success,success,H0,HUB,0,0,0,5,15,6,8,0,4,25,1,success,
terminal_voluntary_failure,1,5,failure,failure,H0,HUB,0,0,0,5,15,6,8,0,4,25,1,failure,
terminal_deadline_recall,1,7,deadline,deadline,C4,HUB,0,0,100,3,15,6,8,0,2,50,0,deadline_recall,
terminal_death_clears_bank,1,7,deadline,deadline,C4,C4,0,0,0,0,15,6,8,0,4,25,1,death,
terminal_zero_fee_inventory_survive,1,1,failure,failure,H0,HUB,0,0,0,1,30,12,12,0,6,0,0,failure,
low_pipe_actual_repair,1,1,移动至T0,move,H0,T0,8,100,92,12,10,12,12,0,6,0,0,active,
low_pipe_actual_repair,2,1,移动至P0,move,T0,P0,8,92,84,12,10,12,12,0,6,0,0,active,
low_pipe_actual_repair,3,1,移动至P1,move,P0,P1,2,84,82,12,10,12,12,0,6,0,0,active,
low_pipe_actual_repair,4,1,power_survey,power_survey,P1,P1,6,82,76,12,10,12,12,0,6,0,0,active,
low_pipe_actual_repair,5,1,power_restore,power_restore,P1,P1,12,76,64,12,10,12,12,0,6,0,0,active,
low_pipe_actual_repair,6,1,移动至P0,move,P1,P0,2,64,62,12,10,12,12,0,6,0,0,active,
low_pipe_actual_repair,7,1,移动至L0,move,P0,L0,8,62,54,12,10,12,12,0,6,0,0,active,
low_pipe_actual_repair,8,1,移动至L1,move,L0,L1,2,54,52,12,10,12,12,0,6,0,0,active,
low_pipe_actual_repair,9,1,L_front_open,L_front_open,L1,L1,6,52,46,12,10,12,11,0,6,0,0,active,
low_pipe_actual_repair,10,1,搜索L_front,search,L1,L1,8,46,38,12,10,12,11,0,6,0,0,active,
low_pipe_actual_repair,11,1,实取L_front/ration×2→pack,pickup,L1,L1,0,38,38,12,10,12,11,2,6,0,0,active,
low_pipe_actual_repair,12,1,实取L_front/bandage×1→pack,pickup,L1,L1,0,38,38,12,10,12,11,3,6,0,0,active,
low_pipe_actual_repair,13,1,L_manifest,L_manifest,L1,L1,6,38,32,12,10,12,11,3,6,0,0,active,
low_pipe_actual_repair,14,1,移动至L2,move,L1,L2,2,32,30,12,10,12,11,3,6,0,0,active,
low_pipe_actual_repair,15,1,指定战斗轨迹L_full,combat,L2,L2,16,30,14,9,6,11,11,3,6,0,0,active,
low_pipe_actual_repair,16,1,L_verify,L_verify,L2,L2,6,14,8,9,6,11,11,3,6,0,0,active,
low_pipe_actual_repair,17,1,L_fixation_open,L_fixation_open,L2,L2,6,8,2,9,6,11,10,3,6,0,0,active,
low_pipe_actual_repair,18,1,L_extract,L_extract,L2,L2,10,2,0,9,6,11,10,7,6,0,0,active,
low_pipe_actual_repair,19,1,实际所在地过夜,rest,L2,L2,0,0,85,9,6,11,10,7,4,0,0,active,
low_pipe_actual_repair,20,2,搜索L_deep,search,L2,L2,8,85,77,9,6,11,10,7,4,0,0,active,
low_pipe_actual_repair,21,2,实取L_deep/ration×3→pack,pickup,L2,L2,0,77,77,9,6,11,10,10,4,0,0,active,
low_pipe_actual_repair,22,2,实取L_deep/metal×1→pack,pickup,L2,L2,0,77,77,9,6,11,10,11,4,0,0,active,
low_pipe_actual_repair,23,2,实取L_deep/cloth×1→pack,pickup,L2,L2,0,77,77,9,6,11,10,12,4,0,0,active,
low_pipe_actual_repair,24,2,移动至L1,move,L2,L1,2,77,75,9,6,11,10,12,4,0,0,active,
low_pipe_actual_repair,25,2,移动至L0,move,L1,L0,2,75,73,9,6,11,10,12,4,0,0,active,
low_pipe_actual_repair,26,2,移动至C0,move,L0,C0,8,73,65,9,6,11,10,12,4,0,0,active,
low_pipe_actual_repair,27,2,移动至C1,move,C0,C1,2,65,63,9,6,11,10,12,4,0,0,active,
low_pipe_actual_repair,28,2,C_match,C_match,C1,C1,4,63,59,9,6,11,10,12,4,0,0,active,
low_pipe_actual_repair,29,2,移动至C4,move,C1,C4,2,59,57,9,6,11,10,12,4,0,0,active,
low_pipe_actual_repair,30,2,C_spares_open,C_spares_open,C4,C4,6,57,51,9,6,11,9,12,4,0,0,active,
low_pipe_actual_repair,31,2,实取C_spares/metal×1→pack,pickup,C4,C4,0,51,51,9,6,11,9,13,4,0,0,active,
low_pipe_actual_repair,32,2,实取C_spares/electronics×1→pack,pickup,C4,C4,0,51,51,9,6,11,9,14,4,0,0,active,
low_pipe_actual_repair,33,2,实取C_spares/battery×1→pack,pickup,C4,C4,0,51,51,9,6,11,9,15,4,0,0,active,
low_pipe_actual_repair,34,2,移动至C1,move,C4,C1,2,51,49,9,6,11,9,15,4,0,0,active,
low_pipe_actual_repair,35,2,C_channel_open,C_channel_open,C1,C1,6,49,43,9,6,11,8,15,4,0,0,active,
low_pipe_actual_repair,36,2,移动至C2,move,C1,C2,2,43,41,9,6,11,8,15,4,0,0,active,
low_pipe_actual_repair,37,2,指定战斗轨迹C_full,combat,C2,C2,20,41,21,6,0,9,8,15,4,0,1,active,
low_pipe_actual_repair,38,2,移动至C3,move,C2,C3,2,21,19,6,0,9,8,15,4,0,1,active,
low_pipe_actual_repair,39,2,C_extract,C_extract,C3,C3,10,19,9,6,0,9,8,17,4,0,1,active,
low_pipe_actual_repair,40,2,移动至C2,move,C3,C2,3,9,6,6,0,9,8,17,4,0,1,active,
low_pipe_actual_repair,41,2,移动至C1,move,C2,C1,3,6,3,6,0,9,8,17,4,0,1,active,
low_pipe_actual_repair,42,2,移动至C4,move,C1,C4,3,3,0,6,0,9,8,17,4,0,1,active,
low_pipe_actual_repair,43,2,实耗pack/ration,use,C4,C4,0,0,0,6,0,9,8,16,6,0,1,active,
low_pipe_actual_repair,44,2,实际所在地过夜,rest,C4,C4,0,0,100,6,0,9,8,16,4,20,0,active,
low_pipe_actual_repair,45,3,用实际安装备料金属修管，另一份仍用于安装,repair,C4,C4,6,100,94,6,15,9,8,15,4,20,0,active,
low_pipe_actual_repair,46,3,移动至C1,move,C4,C1,2,94,92,6,15,9,8,15,4,20,0,active,
low_pipe_actual_repair,47,3,移动至C0,move,C1,C0,2,92,90,6,15,9,8,15,4,20,0,active,
low_pipe_actual_repair,48,3,移动至H0,move,C0,H0,8,90,82,6,15,9,8,15,4,20,0,active,
low_pipe_actual_repair,49,3,移动至H1,move,H0,H1,2,82,80,6,15,9,8,15,4,20,0,active,
low_pipe_actual_repair,50,3,H_firedoor_open,H_firedoor_open,H1,H1,6,80,74,6,15,9,7,15,4,20,0,active,
low_pipe_actual_repair,51,3,移动至H4,move,H1,H4,2,74,72,6,15,9,7,15,4,20,0,active,
low_pipe_actual_repair,52,3,指定战斗轨迹H_full,combat,H4,H4,12,72,60,4,10,8,7,15,4,20,0,active,
low_pipe_actual_repair,53,3,移动至H5,move,H4,H5,2,60,58,4,10,8,7,15,4,20,0,active,
low_pipe_actual_repair,54,3,sample_extract,sample_extract,H5,H5,10,58,48,4,10,7,7,19,4,20,0,active,
low_pipe_actual_repair,55,3,移动至H4,move,H5,H4,3,48,45,4,10,7,7,19,4,20,0,active,
low_pipe_actual_repair,56,3,移动至H1,move,H4,H1,3,45,42,4,10,7,7,19,4,20,0,active,
low_pipe_actual_repair,57,3,移动至H7,move,H1,H7,3,42,39,4,10,7,7,19,4,20,0,active,
low_pipe_actual_repair,58,3,移动至H8,move,H7,H8,3,39,36,4,10,7,7,19,4,20,0,active,
low_pipe_actual_repair,59,3,install,install,H8,H8,12,36,24,4,10,7,7,11,4,20,0,active,
low_pipe_actual_repair,60,3,移动至H7,move,H8,H7,2,24,22,4,10,7,7,11,4,20,0,active,
low_pipe_actual_repair,61,3,移动至H1,move,H7,H1,2,22,20,4,10,7,7,11,4,20,0,active,
low_pipe_actual_repair,62,3,移动至H0,move,H1,H0,2,20,18,4,10,7,7,11,4,20,0,active,
low_pipe_actual_repair,63,3,success,success,H0,HUB,0,18,18,4,10,7,7,0,4,20,0,success,
ground_identity_across_night,1,1,,move,H0,H1,2,100,98,12,30,12,12,0,6,0,0,active,
ground_identity_across_night,2,1,,search,H1,H1,12,98,86,12,30,12,12,0,6,0,0,active,
ground_identity_across_night,3,1,,pickup,H1,H1,0,86,86,12,30,12,12,1,6,0,0,active,
ground_identity_across_night,4,1,,drop,H1,H1,0,86,86,12,30,12,12,0,6,0,0,active,
ground_identity_across_night,5,1,,rest,H1,H1,0,86,85,12,30,12,12,0,4,0,0,active,
ground_identity_across_night,6,2,,pickup,H1,H1,0,85,85,12,30,12,12,1,4,0,0,active,
unsafe_node_cannot_rest,1,1,,rest,L2,L2,0,100,100,12,30,12,12,0,6,0,0,active,unresolved_node_danger
C_extract_without_match,1,1,,C_extract,C3,C3,0,100,100,12,30,12,12,0,6,0,0,active,missing_fact
bandage_does_not_erase_injury,1,1,实耗绷带止血,use,H0,H0,0,100,100,8,30,12,12,0,6,0,0,active,
bandage_does_not_erase_injury,2,1,C休整不自动移除已处理伤势,rest,H0,H0,0,100,85,8,30,12,12,0,4,0,0,active,
deadline_suppression_expires_after_effect,1,7,期限一次结算,deadline,C4,HUB,0,7,100,5,30,12,12,0,2,35,0,deadline_recall,
world_cannot_use_bank,1,1,,use,H0,H0,0,100,100,8,30,12,12,0,6,0,0,active,not_carried_source
world_cannot_drop_bank,1,1,,drop,H0,H0,0,100,100,12,30,12,12,0,6,0,0,active,not_carried_source
pickup_negative_quantity,1,1,,move,H0,H1,2,100,98,12,30,12,12,0,6,0,0,active,
pickup_negative_quantity,2,1,,search,H1,H1,12,98,86,12,30,12,12,0,6,0,0,active,
pickup_negative_quantity,3,1,,pickup,H1,H1,0,86,86,12,30,12,12,0,6,0,0,active,invalid_quantity
pickup_zero_quantity,1,1,,move,H0,H1,2,100,98,12,30,12,12,0,6,0,0,active,
pickup_zero_quantity,2,1,,search,H1,H1,12,98,86,12,30,12,12,0,6,0,0,active,
pickup_zero_quantity,3,1,,pickup,H1,H1,0,86,86,12,30,12,12,0,6,0,0,active,invalid_quantity
drop_negative_quantity,1,1,,drop,H0,H0,0,100,100,12,30,12,12,2,6,0,0,active,invalid_quantity
entirely_empty_character_continuation,1,1,合法失败返航不把贫穷判死,failure,H0,HUB,0,0,0,1,0,0,0,0,6,0,0,failure,
entirely_empty_character_continuation,2,1,合法出发先结当前真实周期，流血死亡,launch,HUB,HUB,0,0,0,0,0,0,0,0,6,0,0,death,
price_pry_8,1,1,移动至T0,move,H0,T0,8,100,92,12,30,12,12,0,6,0,0,active,
price_pry_8,2,1,移动至P0,move,T0,P0,8,92,84,12,30,12,12,0,6,0,0,active,
price_pry_8,3,1,移动至P1,move,P0,P1,2,84,82,12,30,12,12,0,6,0,0,active,
price_pry_8,4,1,power_survey,power_survey,P1,P1,6,82,76,12,30,12,12,0,6,0,0,active,
price_pry_8,5,1,power_restore,power_restore,P1,P1,12,76,64,12,30,12,12,0,6,0,0,active,
price_pry_8,6,1,移动至P0,move,P1,P0,2,64,62,12,30,12,12,0,6,0,0,active,
price_pry_8,7,1,移动至L0,move,P0,L0,8,62,54,12,30,12,12,0,6,0,0,active,
price_pry_8,8,1,移动至L1,move,L0,L1,2,54,52,12,30,12,12,0,6,0,0,active,
price_pry_8,9,1,L_front_open,L_front_open,L1,L1,8,52,44,12,30,12,11,0,6,0,0,active,
price_pry_8,10,1,搜索L_front,search,L1,L1,8,44,36,12,30,12,11,0,6,0,0,active,
price_pry_8,11,1,实取L_front/ration×2→pack,pickup,L1,L1,0,36,36,12,30,12,11,2,6,0,0,active,
price_pry_8,12,1,实取L_front/bandage×1→pack,pickup,L1,L1,0,36,36,12,30,12,11,3,6,0,0,active,
price_pry_8,13,1,L_manifest,L_manifest,L1,L1,6,36,30,12,30,12,11,3,6,0,0,active,
price_pry_8,14,1,移动至L2,move,L1,L2,2,30,28,12,30,12,11,3,6,0,0,active,
price_pry_8,15,1,指定战斗轨迹L_full,combat,L2,L2,16,28,12,9,26,11,11,3,6,0,0,active,
price_pry_8,16,1,L_verify,L_verify,L2,L2,6,12,6,9,26,11,11,3,6,0,0,active,
price_pry_8,17,1,L_fixation_open,L_fixation_open,L2,L2,8,6,0,9,26,11,10,3,6,0,0,active,
price_pry_8,18,1,L_extract,L_extract,L2,L2,0,0,0,9,26,11,10,3,6,0,0,active,zero_energy
pipe_capacity_10,1,1,移动至T0,move,H0,T0,8,100,92,12,10,12,12,0,6,0,0,active,
pipe_capacity_10,2,1,移动至P0,move,T0,P0,8,92,84,12,10,12,12,0,6,0,0,active,
pipe_capacity_10,3,1,移动至P1,move,P0,P1,2,84,82,12,10,12,12,0,6,0,0,active,
pipe_capacity_10,4,1,power_survey,power_survey,P1,P1,6,82,76,12,10,12,12,0,6,0,0,active,
pipe_capacity_10,5,1,power_restore,power_restore,P1,P1,12,76,64,12,10,12,12,0,6,0,0,active,
pipe_capacity_10,6,1,移动至P0,move,P1,P0,2,64,62,12,10,12,12,0,6,0,0,active,
pipe_capacity_10,7,1,移动至L0,move,P0,L0,8,62,54,12,10,12,12,0,6,0,0,active,
pipe_capacity_10,8,1,移动至L1,move,L0,L1,2,54,52,12,10,12,12,0,6,0,0,active,
pipe_capacity_10,9,1,L_front_open,L_front_open,L1,L1,6,52,46,12,10,12,11,0,6,0,0,active,
pipe_capacity_10,10,1,搜索L_front,search,L1,L1,8,46,38,12,10,12,11,0,6,0,0,active,
pipe_capacity_10,11,1,实取L_front/ration×2→pack,pickup,L1,L1,0,38,38,12,10,12,11,2,6,0,0,active,
pipe_capacity_10,12,1,实取L_front/bandage×1→pack,pickup,L1,L1,0,38,38,12,10,12,11,3,6,0,0,active,
pipe_capacity_10,13,1,L_manifest,L_manifest,L1,L1,6,38,32,12,10,12,11,3,6,0,0,active,
pipe_capacity_10,14,1,移动至L2,move,L1,L2,2,32,30,12,10,12,11,3,6,0,0,active,
pipe_capacity_10,15,1,指定战斗轨迹L_full,combat,L2,L2,16,30,14,9,6,11,11,3,6,0,0,active,
pipe_capacity_10,16,1,L_verify,L_verify,L2,L2,6,14,8,9,6,11,11,3,6,0,0,active,
pipe_capacity_10,17,1,L_fixation_open,L_fixation_open,L2,L2,6,8,2,9,6,11,10,3,6,0,0,active,
pipe_capacity_10,18,1,L_extract,L_extract,L2,L2,10,2,0,9,6,11,10,7,6,0,0,active,
pipe_capacity_10,19,1,实际所在地过夜,rest,L2,L2,0,0,85,9,6,11,10,7,4,0,0,active,
pipe_capacity_10,20,2,搜索L_deep,search,L2,L2,8,85,77,9,6,11,10,7,4,0,0,active,
pipe_capacity_10,21,2,实取L_deep/ration×3→pack,pickup,L2,L2,0,77,77,9,6,11,10,10,4,0,0,active,
pipe_capacity_10,22,2,实取L_deep/metal×1→pack,pickup,L2,L2,0,77,77,9,6,11,10,11,4,0,0,active,
pipe_capacity_10,23,2,实取L_deep/cloth×1→pack,pickup,L2,L2,0,77,77,9,6,11,10,12,4,0,0,active,
pipe_capacity_10,24,2,移动至L1,move,L2,L1,2,77,75,9,6,11,10,12,4,0,0,active,
pipe_capacity_10,25,2,移动至L0,move,L1,L0,2,75,73,9,6,11,10,12,4,0,0,active,
pipe_capacity_10,26,2,移动至C0,move,L0,C0,8,73,65,9,6,11,10,12,4,0,0,active,
pipe_capacity_10,27,2,移动至C1,move,C0,C1,2,65,63,9,6,11,10,12,4,0,0,active,
pipe_capacity_10,28,2,C_match,C_match,C1,C1,4,63,59,9,6,11,10,12,4,0,0,active,
pipe_capacity_10,29,2,移动至C4,move,C1,C4,2,59,57,9,6,11,10,12,4,0,0,active,
pipe_capacity_10,30,2,C_spares_open,C_spares_open,C4,C4,6,57,51,9,6,11,9,12,4,0,0,active,
pipe_capacity_10,31,2,实取C_spares/metal×1→pack,pickup,C4,C4,0,51,51,9,6,11,9,13,4,0,0,active,
pipe_capacity_10,32,2,实取C_spares/electronics×1→pack,pickup,C4,C4,0,51,51,9,6,11,9,14,4,0,0,active,
pipe_capacity_10,33,2,实取C_spares/battery×1→pack,pickup,C4,C4,0,51,51,9,6,11,9,15,4,0,0,active,
pipe_capacity_10,34,2,移动至C1,move,C4,C1,2,51,49,9,6,11,9,15,4,0,0,active,
pipe_capacity_10,35,2,C_channel_open,C_channel_open,C1,C1,6,49,43,9,6,11,8,15,4,0,0,active,
pipe_capacity_10,36,2,移动至C2,move,C1,C2,2,43,41,9,6,11,8,15,4,0,0,active,
pipe_capacity_10,37,2,指定战斗轨迹C_full,combat,C2,C2,20,41,21,6,0,9,8,15,4,0,1,active,
pipe_capacity_10,38,2,移动至C3,move,C2,C3,2,21,19,6,0,9,8,15,4,0,1,active,
pipe_capacity_10,39,2,C_extract,C_extract,C3,C3,10,19,9,6,0,9,8,17,4,0,1,active,
pipe_capacity_10,40,2,移动至C2,move,C3,C2,3,9,6,6,0,9,8,17,4,0,1,active,
pipe_capacity_10,41,2,移动至C1,move,C2,C1,3,6,3,6,0,9,8,17,4,0,1,active,
pipe_capacity_10,42,2,移动至C4,move,C1,C4,3,3,0,6,0,9,8,17,4,0,1,active,
pipe_capacity_10,43,2,实耗pack/ration,use,C4,C4,0,0,0,6,0,9,8,16,6,0,1,active,
pipe_capacity_10,44,2,实际所在地过夜,rest,C4,C4,0,0,100,6,0,9,8,16,4,20,0,active,
pipe_capacity_10,45,3,移动至C1,move,C4,C1,2,100,98,6,0,9,8,16,4,20,0,active,
pipe_capacity_10,46,3,移动至C0,move,C1,C0,2,98,96,6,0,9,8,16,4,20,0,active,
pipe_capacity_10,47,3,移动至H0,move,C0,H0,8,96,88,6,0,9,8,16,4,20,0,active,
pipe_capacity_10,48,3,移动至H1,move,H0,H1,2,88,86,6,0,9,8,16,4,20,0,active,
pipe_capacity_10,49,3,H_firedoor_open,H_firedoor_open,H1,H1,6,86,80,6,0,9,7,16,4,20,0,active,
pipe_capacity_10,50,3,移动至H4,move,H1,H4,2,80,78,6,0,9,7,16,4,20,0,active,
pipe_capacity_10,51,3,指定战斗轨迹H_full,combat,H4,H4,0,78,78,6,0,9,7,16,4,20,0,active,broken_pipe_needs_other_trace
coat_mitigation_0,1,1,移动至T0,move,H0,T0,8,100,92,12,30,12,12,0,6,0,0,active,
coat_mitigation_0,2,1,移动至P0,move,T0,P0,8,92,84,12,30,12,12,0,6,0,0,active,
coat_mitigation_0,3,1,移动至P1,move,P0,P1,2,84,82,12,30,12,12,0,6,0,0,active,
coat_mitigation_0,4,1,power_survey,power_survey,P1,P1,6,82,76,12,30,12,12,0,6,0,0,active,
coat_mitigation_0,5,1,power_restore,power_restore,P1,P1,12,76,64,12,30,12,12,0,6,0,0,active,
coat_mitigation_0,6,1,移动至P0,move,P1,P0,2,64,62,12,30,12,12,0,6,0,0,active,
coat_mitigation_0,7,1,移动至L0,move,P0,L0,8,62,54,12,30,12,12,0,6,0,0,active,
coat_mitigation_0,8,1,移动至L1,move,L0,L1,2,54,52,12,30,12,12,0,6,0,0,active,
coat_mitigation_0,9,1,L_front_open,L_front_open,L1,L1,6,52,46,12,30,12,11,0,6,0,0,active,
coat_mitigation_0,10,1,搜索L_front,search,L1,L1,8,46,38,12,30,12,11,0,6,0,0,active,
coat_mitigation_0,11,1,实取L_front/ration×2→pack,pickup,L1,L1,0,38,38,12,30,12,11,2,6,0,0,active,
coat_mitigation_0,12,1,实取L_front/bandage×1→pack,pickup,L1,L1,0,38,38,12,30,12,11,3,6,0,0,active,
coat_mitigation_0,13,1,L_manifest,L_manifest,L1,L1,6,38,32,12,30,12,11,3,6,0,0,active,
coat_mitigation_0,14,1,移动至L2,move,L1,L2,2,32,30,12,30,12,11,3,6,0,0,active,
coat_mitigation_0,15,1,指定战斗轨迹L_full,combat,L2,L2,16,30,14,9,26,11,11,3,6,0,0,active,
coat_mitigation_0,16,1,L_verify,L_verify,L2,L2,6,14,8,9,26,11,11,3,6,0,0,active,
coat_mitigation_0,17,1,L_fixation_open,L_fixation_open,L2,L2,6,8,2,9,26,11,10,3,6,0,0,active,
coat_mitigation_0,18,1,L_extract,L_extract,L2,L2,10,2,0,9,26,11,10,7,6,0,0,active,
coat_mitigation_0,19,1,实际所在地过夜,rest,L2,L2,0,0,85,9,26,11,10,7,4,0,0,active,
coat_mitigation_0,20,2,搜索L_deep,search,L2,L2,8,85,77,9,26,11,10,7,4,0,0,active,
coat_mitigation_0,21,2,实取L_deep/ration×3→pack,pickup,L2,L2,0,77,77,9,26,11,10,10,4,0,0,active,
coat_mitigation_0,22,2,实取L_deep/metal×1→pack,pickup,L2,L2,0,77,77,9,26,11,10,11,4,0,0,active,
coat_mitigation_0,23,2,实取L_deep/cloth×1→pack,pickup,L2,L2,0,77,77,9,26,11,10,12,4,0,0,active,
coat_mitigation_0,24,2,移动至L1,move,L2,L1,2,77,75,9,26,11,10,12,4,0,0,active,
coat_mitigation_0,25,2,移动至L0,move,L1,L0,2,75,73,9,26,11,10,12,4,0,0,active,
coat_mitigation_0,26,2,移动至C0,move,L0,C0,8,73,65,9,26,11,10,12,4,0,0,active,
coat_mitigation_0,27,2,移动至C1,move,C0,C1,2,65,63,9,26,11,10,12,4,0,0,active,
coat_mitigation_0,28,2,C_match,C_match,C1,C1,4,63,59,9,26,11,10,12,4,0,0,active,
coat_mitigation_0,29,2,移动至C4,move,C1,C4,2,59,57,9,26,11,10,12,4,0,0,active,
coat_mitigation_0,30,2,C_spares_open,C_spares_open,C4,C4,6,57,51,9,26,11,9,12,4,0,0,active,
coat_mitigation_0,31,2,实取C_spares/metal×1→pack,pickup,C4,C4,0,51,51,9,26,11,9,13,4,0,0,active,
coat_mitigation_0,32,2,实取C_spares/electronics×1→pack,pickup,C4,C4,0,51,51,9,26,11,9,14,4,0,0,active,
coat_mitigation_0,33,2,实取C_spares/battery×1→pack,pickup,C4,C4,0,51,51,9,26,11,9,15,4,0,0,active,
coat_mitigation_0,34,2,移动至C1,move,C4,C1,2,51,49,9,26,11,9,15,4,0,0,active,
coat_mitigation_0,35,2,C_channel_open,C_channel_open,C1,C1,6,49,43,9,26,11,8,15,4,0,0,active,
coat_mitigation_0,36,2,移动至C2,move,C1,C2,2,43,41,9,26,11,8,15,4,0,0,active,
coat_mitigation_0,37,2,指定战斗轨迹C_full,combat,C2,C2,20,41,21,4,20,9,8,15,4,0,1,active,
coat_mitigation_0,38,2,移动至C3,move,C2,C3,2,21,19,4,20,9,8,15,4,0,1,active,
coat_mitigation_0,39,2,C_extract,C_extract,C3,C3,10,19,9,4,20,9,8,17,4,0,1,active,
coat_mitigation_0,40,2,移动至C2,move,C3,C2,3,9,6,4,20,9,8,17,4,0,1,active,
coat_mitigation_0,41,2,移动至C1,move,C2,C1,3,6,3,4,20,9,8,17,4,0,1,active,
coat_mitigation_0,42,2,移动至C4,move,C1,C4,3,3,0,4,20,9,8,17,4,0,1,active,
coat_mitigation_0,43,2,实耗pack/ration,use,C4,C4,0,0,0,4,20,9,8,16,6,0,1,active,
coat_mitigation_0,44,2,实际所在地过夜,rest,C4,C4,0,0,100,4,20,9,8,16,4,20,0,active,
coat_mitigation_0,45,3,移动至C1,move,C4,C1,2,100,98,4,20,9,8,16,4,20,0,active,
coat_mitigation_0,46,3,移动至C0,move,C1,C0,2,98,96,4,20,9,8,16,4,20,0,active,
coat_mitigation_0,47,3,移动至H0,move,C0,H0,8,96,88,4,20,9,8,16,4,20,0,active,
coat_mitigation_0,48,3,移动至H1,move,H0,H1,2,88,86,4,20,9,8,16,4,20,0,active,
coat_mitigation_0,49,3,H_firedoor_open,H_firedoor_open,H1,H1,6,86,80,4,20,9,7,16,4,20,0,active,
coat_mitigation_0,50,3,移动至H4,move,H1,H4,2,80,78,4,20,9,7,16,4,20,0,active,
coat_mitigation_0,51,3,指定战斗轨迹H_full,combat,H4,H4,12,78,66,1,15,8,7,16,4,20,0,active,
coat_mitigation_0,52,3,移动至H5,move,H4,H5,2,66,64,1,15,8,7,16,4,20,0,active,
coat_mitigation_0,53,3,sample_extract,sample_extract,H5,H5,10,64,54,1,15,7,7,20,4,20,0,active,
coat_mitigation_0,54,3,移动至H4,move,H5,H4,3,54,51,1,15,7,7,20,4,20,0,active,
coat_mitigation_0,55,3,移动至H1,move,H4,H1,3,51,48,1,15,7,7,20,4,20,0,active,
coat_mitigation_0,56,3,移动至H7,move,H1,H7,3,48,45,1,15,7,7,20,4,20,0,active,
coat_mitigation_0,57,3,移动至H8,move,H7,H8,3,45,42,1,15,7,7,20,4,20,0,active,
coat_mitigation_0,58,3,install,install,H8,H8,12,42,30,1,15,7,7,12,4,20,0,active,
coat_mitigation_0,59,3,移动至H7,move,H8,H7,2,30,28,1,15,7,7,12,4,20,0,active,
coat_mitigation_0,60,3,移动至H1,move,H7,H1,2,28,26,1,15,7,7,12,4,20,0,active,
coat_mitigation_0,61,3,移动至H0,move,H1,H0,2,26,24,1,15,7,7,12,4,20,0,active,
coat_mitigation_0,62,3,success,success,H0,HUB,0,24,24,1,15,7,7,0,4,20,0,success,
drop_front_ration_1,1,1,移动至T0,move,H0,T0,8,100,92,12,30,12,12,0,6,0,0,active,
drop_front_ration_1,2,1,移动至P0,move,T0,P0,8,92,84,12,30,12,12,0,6,0,0,active,
drop_front_ration_1,3,1,移动至P1,move,P0,P1,2,84,82,12,30,12,12,0,6,0,0,active,
drop_front_ration_1,4,1,power_survey,power_survey,P1,P1,6,82,76,12,30,12,12,0,6,0,0,active,
drop_front_ration_1,5,1,power_restore,power_restore,P1,P1,12,76,64,12,30,12,12,0,6,0,0,active,
drop_front_ration_1,6,1,移动至P0,move,P1,P0,2,64,62,12,30,12,12,0,6,0,0,active,
drop_front_ration_1,7,1,移动至L0,move,P0,L0,8,62,54,12,30,12,12,0,6,0,0,active,
drop_front_ration_1,8,1,移动至L1,move,L0,L1,2,54,52,12,30,12,12,0,6,0,0,active,
drop_front_ration_1,9,1,L_front_open,L_front_open,L1,L1,6,52,46,12,30,12,11,0,6,0,0,active,
drop_front_ration_1,10,1,搜索L_front,search,L1,L1,8,46,38,12,30,12,11,0,6,0,0,active,
drop_front_ration_1,11,1,实取L_front/ration×2→pack,pickup,L1,L1,0,38,38,12,30,12,11,0,6,0,0,active,missing_ground_item
topology_remove_C0_H0,1,1,移动至T0,move,H0,T0,8,100,92,12,30,12,12,0,6,0,0,active,
topology_remove_C0_H0,2,1,移动至P0,move,T0,P0,8,92,84,12,30,12,12,0,6,0,0,active,
topology_remove_C0_H0,3,1,移动至P1,move,P0,P1,2,84,82,12,30,12,12,0,6,0,0,active,
topology_remove_C0_H0,4,1,power_survey,power_survey,P1,P1,6,82,76,12,30,12,12,0,6,0,0,active,
topology_remove_C0_H0,5,1,power_restore,power_restore,P1,P1,12,76,64,12,30,12,12,0,6,0,0,active,
topology_remove_C0_H0,6,1,移动至P0,move,P1,P0,2,64,62,12,30,12,12,0,6,0,0,active,
topology_remove_C0_H0,7,1,移动至L0,move,P0,L0,8,62,54,12,30,12,12,0,6,0,0,active,
topology_remove_C0_H0,8,1,移动至L1,move,L0,L1,2,54,52,12,30,12,12,0,6,0,0,active,
topology_remove_C0_H0,9,1,L_front_open,L_front_open,L1,L1,6,52,46,12,30,12,11,0,6,0,0,active,
topology_remove_C0_H0,10,1,搜索L_front,search,L1,L1,8,46,38,12,30,12,11,0,6,0,0,active,
topology_remove_C0_H0,11,1,实取L_front/ration×2→pack,pickup,L1,L1,0,38,38,12,30,12,11,2,6,0,0,active,
topology_remove_C0_H0,12,1,实取L_front/bandage×1→pack,pickup,L1,L1,0,38,38,12,30,12,11,3,6,0,0,active,
topology_remove_C0_H0,13,1,L_manifest,L_manifest,L1,L1,6,38,32,12,30,12,11,3,6,0,0,active,
topology_remove_C0_H0,14,1,移动至L2,move,L1,L2,2,32,30,12,30,12,11,3,6,0,0,active,
topology_remove_C0_H0,15,1,指定战斗轨迹L_full,combat,L2,L2,16,30,14,9,26,11,11,3,6,0,0,active,
topology_remove_C0_H0,16,1,L_verify,L_verify,L2,L2,6,14,8,9,26,11,11,3,6,0,0,active,
topology_remove_C0_H0,17,1,L_fixation_open,L_fixation_open,L2,L2,6,8,2,9,26,11,10,3,6,0,0,active,
topology_remove_C0_H0,18,1,L_extract,L_extract,L2,L2,10,2,0,9,26,11,10,7,6,0,0,active,
topology_remove_C0_H0,19,1,实际所在地过夜,rest,L2,L2,0,0,85,9,26,11,10,7,4,0,0,active,
topology_remove_C0_H0,20,2,搜索L_deep,search,L2,L2,8,85,77,9,26,11,10,7,4,0,0,active,
topology_remove_C0_H0,21,2,实取L_deep/ration×3→pack,pickup,L2,L2,0,77,77,9,26,11,10,10,4,0,0,active,
topology_remove_C0_H0,22,2,实取L_deep/metal×1→pack,pickup,L2,L2,0,77,77,9,26,11,10,11,4,0,0,active,
topology_remove_C0_H0,23,2,实取L_deep/cloth×1→pack,pickup,L2,L2,0,77,77,9,26,11,10,12,4,0,0,active,
topology_remove_C0_H0,24,2,移动至L1,move,L2,L1,2,77,75,9,26,11,10,12,4,0,0,active,
topology_remove_C0_H0,25,2,移动至L0,move,L1,L0,2,75,73,9,26,11,10,12,4,0,0,active,
topology_remove_C0_H0,26,2,移动至C0,move,L0,C0,8,73,65,9,26,11,10,12,4,0,0,active,
topology_remove_C0_H0,27,2,移动至C1,move,C0,C1,2,65,63,9,26,11,10,12,4,0,0,active,
topology_remove_C0_H0,28,2,C_match,C_match,C1,C1,4,63,59,9,26,11,10,12,4,0,0,active,
topology_remove_C0_H0,29,2,移动至C4,move,C1,C4,2,59,57,9,26,11,10,12,4,0,0,active,
topology_remove_C0_H0,30,2,C_spares_open,C_spares_open,C4,C4,6,57,51,9,26,11,9,12,4,0,0,active,
topology_remove_C0_H0,31,2,实取C_spares/metal×1→pack,pickup,C4,C4,0,51,51,9,26,11,9,13,4,0,0,active,
topology_remove_C0_H0,32,2,实取C_spares/electronics×1→pack,pickup,C4,C4,0,51,51,9,26,11,9,14,4,0,0,active,
topology_remove_C0_H0,33,2,实取C_spares/battery×1→pack,pickup,C4,C4,0,51,51,9,26,11,9,15,4,0,0,active,
topology_remove_C0_H0,34,2,移动至C1,move,C4,C1,2,51,49,9,26,11,9,15,4,0,0,active,
topology_remove_C0_H0,35,2,C_channel_open,C_channel_open,C1,C1,6,49,43,9,26,11,8,15,4,0,0,active,
topology_remove_C0_H0,36,2,移动至C2,move,C1,C2,2,43,41,9,26,11,8,15,4,0,0,active,
topology_remove_C0_H0,37,2,指定战斗轨迹C_full,combat,C2,C2,20,41,21,6,20,9,8,15,4,0,1,active,
topology_remove_C0_H0,38,2,移动至C3,move,C2,C3,2,21,19,6,20,9,8,15,4,0,1,active,
topology_remove_C0_H0,39,2,C_extract,C_extract,C3,C3,10,19,9,6,20,9,8,17,4,0,1,active,
topology_remove_C0_H0,40,2,移动至C2,move,C3,C2,3,9,6,6,20,9,8,17,4,0,1,active,
topology_remove_C0_H0,41,2,移动至C1,move,C2,C1,3,6,3,6,20,9,8,17,4,0,1,active,
topology_remove_C0_H0,42,2,移动至C4,move,C1,C4,3,3,0,6,20,9,8,17,4,0,1,active,
topology_remove_C0_H0,43,2,实耗pack/ration,use,C4,C4,0,0,0,6,20,9,8,16,6,0,1,active,
topology_remove_C0_H0,44,2,实际所在地过夜,rest,C4,C4,0,0,100,6,20,9,8,16,4,20,0,active,
topology_remove_C0_H0,45,3,移动至C1,move,C4,C1,2,100,98,6,20,9,8,16,4,20,0,active,
topology_remove_C0_H0,46,3,移动至C0,move,C1,C0,2,98,96,6,20,9,8,16,4,20,0,active,
topology_remove_C0_H0,47,3,移动至H0,move,C0,C0,0,96,96,6,20,9,8,16,4,20,0,active,not_adjacent
